name,number,primeNumber,h,a,b,c,d,s,sum,type1,type2,ability1,ability2,hiddenAbility
フシギダネ,1,2,45,49,49,65,65,45,318,くさ,どく,しんりょく,,ようりょくそ
フシギソウ,2,3,60,62,63,80,80,60,405,くさ,どく,しんりょく,,ようりょくそ
フシギバナ,3,5,80,82,83,100,100,80,525,くさ,どく,しんりょく,,ようりょくそ
メガフシギバナ,3,7,80,100,123,122,120,80,625,くさ,どく,あついしぼう,,
ヒトカゲ,4,11,39,52,43,60,50,65,309,ほのお,,もうか,,サンパワー
リザード,5,13,58,64,58,80,65,80,405,ほのお,,もうか,,サンパワー
リザードン,6,17,78,84,78,109,85,100,534,ほのお,ひこう,もうか,,サンパワー
メガリザードンX,6,19,78,130,111,130,85,100,634,ほのお,ドラゴン,かたいツメ,,
メガリザードンY,6,23,78,104,78,159,115,100,634,ほのお,ひこう,ひでり,,
ゼニガメ,7,29,44,48,65,50,64,43,314,みず,,げきりゅう,,あめうけざら
カメール,8,31,59,63,80,65,80,58,405,みず,,げきりゅう,,あめうけざら
カメックス,9,37,79,83,100,85,105,78,530,みず,,げきりゅう,,あめうけざら
メガカメックス,9,41,79,103,120,135,115,78,630,みず,,メガランチャー,,
キャタピー,10,43,45,30,35,20,20,45,195,むし,,りんぷん,,にげあし
トランセル,11,47,50,20,55,25,25,30,205,むし,,だっぴ,,
バタフリー,12,53,60,45,50,90,80,70,395,むし,ひこう,ふくがん,,いろめがね
ビードル,13,59,40,35,30,20,20,50,195,むし,どく,りんぷん,,にげあし
コクーン,14,61,45,25,50,25,25,35,205,むし,どく,だっぴ,,
スピアー,15,67,65,90,40,45,80,75,395,むし,どく,むしのしらせ,,スナイパー
メガスピアー,15,71,65,150,40,15,80,145,495,むし,どく,てきおうりょく,,
ポッポ,16,73,40,45,40,35,35,56,251,ノーマル,ひこう,するどいめ,ちどりあし*4,はとむね
ピジョン,17,79,63,60,55,50,50,71,349,ノーマル,ひこう,するどいめ,ちどりあし*4,はとむね
ピジョット,18,83,83,80,75,70,70,101,479,ノーマル,ひこう,するどいめ,ちどりあし*4,はとむね
メガピジョット,18,89,83,80,80,135,80,121,579,ノーマル,ひこう,ノーガード,,
コラッタ,19,97,30,56,35,25,35,72,253,ノーマル,,にげあし,こんじょう,はりきり
"コラッタ
(アローラのすがた)",19,101,30,56,35,25,35,72,253,あく,ノーマル,くいしんぼう,はりきり,あついしぼう
ラッタ,20,103,55,81,60,50,70,97,413,ノーマル,,にげあし,こんじょう,はりきり
"ラッタ
(アローラのすがた)",20,107,75,71,70,40,80,77,413,あく,ノーマル,くいしんぼう,はりきり,あついしぼう
オニスズメ,21,109,40,60,30,31,31,70,262,ノーマル,ひこう,するどいめ,,スナイパー
オニドリル,22,113,65,90,65,61,61,100,442,ノーマル,ひこう,するどいめ,,スナイパー
アーボ,23,127,35,60,44,40,54,55,288,どく,,いかく,だっぴ,きんちょうかん
アーボック,24,131,60,95,69,65,79,80,448,どく,,いかく,だっぴ,きんちょうかん
ピカチュウ,25,137,35,55,40,50,50,90,320,でんき,,せいでんき,,ひらいしん
ライチュウ,26,139,60,90,55,90,80,110,485,でんき,,せいでんき,,ひらいしん
"ライチュウ
(アローラのすがた)",26,149,60,85,50,95,85,110,485,でんき,エスパー,サーフテール,,
サンド,27,151,50,75,85,20,30,40,300,じめん,,すながくれ,,すなかき
"サンド
(アローラのすがた)",27,157,50,75,90,10,35,40,300,こおり,はがね,ゆきがくれ,,ゆきかき
サンドパン,28,163,75,100,110,45,55,65,450,じめん,,すながくれ,,すなかき
"サンドパン
(アローラのすがた)",28,167,75,100,120,25,65,65,450,こおり,はがね,ゆきがくれ,,ゆきかき
ニドラン♀,29,173,55,47,52,40,40,41,275,どく,,どくのトゲ,とうそうしん*4,はりきり
ニドリーナ,30,179,70,62,67,55,55,56,365,どく,,どくのトゲ,とうそうしん*4,はりきり
ニドクイン,31,181,90,92,87,75,85,76,505,どく,じめん,どくのトゲ,とうそうしん*4,ちからずく
ニドラン♂,32,191,46,57,40,40,40,50,273,どく,,どくのトゲ,とうそうしん*4,はりきり
ニドリーノ,33,193,61,72,57,55,55,65,365,どく,,どくのトゲ,とうそうしん*4,はりきり
ニドキング,34,197,81,102,77,85,75,85,505,どく,じめん,どくのトゲ,とうそうしん*4,ちからずく
ピッピ,35,199,70,45,48,60,65,35,323,フェアリー,,メロメロボディ,マジックガード*4,フレンドガード
ピクシー,36,211,95,70,73,95,90,60,483,フェアリー,,メロメロボディ,マジックガード*4,てんねん
ロコン,37,223,38,41,40,50,65,65,299,ほのお,,もらいび,,ひでり
"ロコン
(アローラのすがた)",37,227,38,41,40,50,65,65,299,こおり,,ゆきがくれ,,ゆきふらし
キュウコン,38,229,73,76,75,81,100,100,505,ほのお,,もらいび,,ひでり
"キュウコン
(アローラのすがた)",38,233,73,67,75,81,100,109,505,こおり,フェアリー,ゆきがくれ,,ゆきふらし
プリン,39,239,115,45,20,45,25,20,270,ノーマル,フェアリー,メロメロボディ,かちき*6,フレンドガード
プクリン,40,241,140,70,45,85,50,45,435,ノーマル,フェアリー,メロメロボディ,かちき*6,おみとおし
ズバット,41,251,40,45,35,30,40,55,245,どく,ひこう,せいしんりょく,,すりぬけ
ゴルバット,42,257,75,80,70,65,75,90,455,どく,ひこう,せいしんりょく,,すりぬけ
ナゾノクサ,43,263,45,50,55,75,65,30,320,くさ,どく,ようりょくそ,,にげあし
クサイハナ,44,269,60,65,70,85,75,40,395,くさ,どく,ようりょくそ,,あくしゅう
ラフレシア,45,271,75,80,85,110,90,50,490,くさ,どく,ようりょくそ,,ほうし
パラス,46,277,35,70,55,45,55,25,285,むし,くさ,ほうし,かんそうはだ*4,しめりけ
パラセクト,47,281,60,95,80,60,80,30,405,むし,くさ,ほうし,かんそうはだ*4,しめりけ
コンパン,48,283,60,55,50,40,55,45,305,むし,どく,ふくがん,いろめがね*4,にげあし
モルフォン,49,293,70,65,60,90,75,90,450,むし,どく,りんぷん,いろめがね*4,ミラクルスキン
ディグダ,50,307,10,55,25,35,45,95,265,じめん,,すながくれ,ありじごく,すなのちから
"ディグダ
(アローラのすがた)",50,311,10,55,30,35,45,90,265,じめん,はがね,すながくれ,カーリーヘアー,すなのちから
ダグトリオ,51,313,35,100,50,50,70,120,425,じめん,,すながくれ,ありじごく,すなのちから
"ダグトリオ
(アローラのすがた)",51,317,35,100,60,50,70,110,425,じめん,はがね,すながくれ,カーリーヘアー,すなのちから
ニャース,52,331,40,45,35,40,40,90,290,ノーマル,,ものひろい,テクニシャン*4,きんちょうかん
"ニャース
(アローラのすがた)",52,337,40,35,35,50,40,90,290,あく,,ものひろい,テクニシャン,びびり
"ニャース
(ガラルのすがた)",52,347,50,65,55,40,40,40,290,はがね,,ものひろい,かたいツメ,きんちょうかん
ペルシアン,53,349,65,70,60,65,65,115,440,ノーマル,,じゅうなん,テクニシャン*4,きんちょうかん
"ペルシアン
(アローラのすがた)",53,353,65,60,60,75,65,115,440,あく,,ファーコート,テクニシャン,びびり
コダック,54,359,50,52,48,65,50,55,320,みず,,しめりけ,ノーてんき,すいすい
ゴルダック,55,367,80,82,78,95,80,85,500,みず,,しめりけ,ノーてんき,すいすい
マンキー,56,373,40,80,35,35,45,70,305,かくとう,,やるき,いかりのつぼ*4,まけんき
オコリザル,57,379,65,105,60,60,70,95,455,かくとう,,やるき,いかりのつぼ*4,まけんき
ガーディ,58,383,55,70,45,70,50,60,350,ほのお,,いかく,もらいび,せいぎのこころ
"ガーディ
(ヒスイのすがた)",58,389,60,75,45,65,50,55,350,ほのお,いわ,いかく,もらいび,いしあたま[1]
ウインディ,59,397,90,110,80,100,80,95,555,ほのお,,いかく,もらいび,せいぎのこころ
"ウインディ
(ヒスイのすがた)",59,401,95,115,80,95,80,90,555,ほのお,いわ,いかく,もらいび,いしあたま[1]
ニョロモ,60,409,40,50,40,40,40,90,300,みず,,ちょすい,しめりけ,すいすい
ニョロゾ,61,419,65,65,65,50,50,90,385,みず,,ちょすい,しめりけ,すいすい
ニョロボン,62,421,90,95,95,70,90,70,510,みず,かくとう,ちょすい,しめりけ,すいすい
ケーシィ,63,431,25,20,15,105,55,90,310,エスパー,,シンクロ,せいしんりょく,マジックガード
ユンゲラー,64,433,40,35,30,120,70,105,400,エスパー,,シンクロ,せいしんりょく,マジックガード
フーディン,65,439,55,50,45,135,95,120,500,エスパー,,シンクロ,せいしんりょく,マジックガード
メガフーディン,65,443,55,50,65,175,105,150,600,エスパー,,トレース,,
ワンリキー,66,449,70,80,50,35,35,35,305,かくとう,,こんじょう,ノーガード*4,ふくつのこころ
ゴーリキー,67,457,80,100,70,50,60,45,405,かくとう,,こんじょう,ノーガード*4,ふくつのこころ
カイリキー,68,461,90,130,80,65,85,55,505,かくとう,,こんじょう,ノーガード*4,ふくつのこころ
マダツボミ,69,463,50,75,35,70,30,40,300,くさ,どく,ようりょくそ,,くいしんぼう
ウツドン,70,467,65,90,50,85,45,55,390,くさ,どく,ようりょくそ,,くいしんぼう
ウツボット,71,479,80,105,65,100,70,70,490,くさ,どく,ようりょくそ,,くいしんぼう
メノクラゲ,72,487,40,40,35,50,100,70,335,みず,どく,クリアボディ,ヘドロえき,あめうけざら
ドククラゲ,73,491,80,70,65,80,120,100,515,みず,どく,クリアボディ,ヘドロえき,あめうけざら
イシツブテ,74,499,40,80,100,30,30,20,300,いわ,じめん,いしあたま,がんじょう,すながくれ
"イシツブテ
(アローラのすがた)",74,503,40,80,100,30,30,20,300,いわ,でんき,じりょく,がんじょう,エレキスキン
ゴローン,75,509,55,95,115,45,45,35,390,いわ,じめん,いしあたま,がんじょう,すながくれ
"ゴローン
(アローラのすがた)",75,521,55,95,115,45,45,35,390,いわ,でんき,じりょく,がんじょう,エレキスキン
ゴローニャ,76,523,80,120,130,55,65,45,495,いわ,じめん,いしあたま,がんじょう,すながくれ
"ゴローニャ
(アローラのすがた)",76,541,80,120,130,55,65,45,495,いわ,でんき,じりょく,がんじょう,エレキスキン
ポニータ,77,547,50,85,55,65,65,90,410,ほのお,,にげあし,もらいび,ほのおのからだ
"ポニータ
(ガラルのすがた)",77,557,50,85,55,65,65,90,410,エスパー,,にげあし,パステルベール,きけんよち
ギャロップ,78,563,65,100,70,80,80,105,500,ほのお,,にげあし,もらいび,ほのおのからだ
"ギャロップ
(ガラルのすがた)",78,569,65,100,70,80,80,105,500,エスパー,フェアリー,にげあし,パステルベール,きけんよち
ヤドン,79,571,90,65,65,40,40,15,315,みず,エスパー,どんかん,マイペース,さいせいりょく
"ヤドン
(ガラルのすがた)",79,577,90,65,65,40,40,15,315,エスパー,,くいしんぼう,マイペース,さいせいりょく
ヤドラン,80,587,95,75,110,100,80,30,490,みず,エスパー,どんかん,マイペース,さいせいりょく
メガヤドラン,80,593,95,75,180,130,80,30,590,みず,エスパー,シェルアーマー,,
"ヤドラン
(ガラルのすがた)",80,599,95,100,95,100,70,30,490,どく,エスパー,クイックドロウ,マイペース,さいせいりょく
コイル,81,601,25,35,70,95,55,45,325,でんき,はがね,じりょく,がんじょう,アナライズ
レアコイル,82,607,50,60,95,120,70,70,465,でんき,はがね,じりょく,がんじょう,アナライズ
カモネギ,83,613,52,90,55,58,62,60,377,ノーマル,ひこう,するどいめ,せいしんりょく,まけんき
"カモネギ
(ガラルのすがた)",83,617,52,95,55,58,62,55,377,かくとう,,ふくつのこころ,,きもったま
ドードー,84,619,35,85,45,35,35,75,310,ノーマル,ひこう,にげあし,はやおき,ちどりあし
ドードリオ,85,631,60,110,70,60,60,110,470,ノーマル,ひこう,にげあし,はやおき,ちどりあし
パウワウ,86,641,65,45,55,45,70,45,325,みず,,あついしぼう,うるおいボディ*4,アイスボディ
ジュゴン,87,643,90,70,80,70,95,70,475,みず,こおり,あついしぼう,うるおいボディ*4,アイスボディ
ベトベター,88,647,80,80,50,40,50,25,325,どく,,あくしゅう,ねんちゃく,どくしゅ
"ベトベター
(アローラのすがた)",88,653,80,80,50,40,50,25,325,どく,あく,どくしゅ,くいしんぼう,かがくのちから
ベトベトン,89,659,105,105,75,65,100,50,500,どく,,あくしゅう,ねんちゃく,どくしゅ
"ベトベトン
(アローラのすがた)",89,661,105,105,75,65,100,50,500,どく,あく,どくしゅ,くいしんぼう,かがくのちから
シェルダー,90,673,30,65,100,45,25,40,305,みず,,シェルアーマー,スキルリンク*4,ぼうじん
パルシェン,91,677,50,95,180,85,45,70,525,みず,こおり,シェルアーマー,スキルリンク*4,ぼうじん
ゴース,92,683,30,35,30,100,35,80,310,ゴースト,どく,ふゆう,,
ゴースト,93,691,45,50,45,115,55,95,405,ゴースト,どく,ふゆう,,
ゲンガー,94,701,60,65,60,130,75,110,500,ゴースト,どく,のろわれボディ[2],,
メガゲンガー,94,709,60,65,80,170,95,130,600,ゴースト,どく,かげふみ,,
イワーク,95,719,35,45,160,30,45,70,385,いわ,じめん,いしあたま,がんじょう,くだけるよろい
スリープ,96,727,60,48,45,43,90,42,328,エスパー,,ふみん,よちむ*4,せいしんりょく
スリーパー,97,733,85,73,70,73,115,67,483,エスパー,,ふみん,よちむ*4,せいしんりょく
クラブ,98,739,30,105,90,25,25,50,325,みず,,かいりきバサミ,シェルアーマー,ちからずく
キングラー,99,743,55,130,115,50,50,75,475,みず,,かいりきバサミ,シェルアーマー,ちからずく
ビリリダマ,100,751,40,30,50,55,55,100,330,でんき,,ぼうおん,せいでんき,ゆうばく
"ビリリダマ
(ヒスイのすがた)",100,757,40,30,50,55,55,100,330,でんき,くさ,ぼうおん,せいでんき,ゆうばく
マルマイン,101,761,60,50,70,80,80,150,490,でんき,,ぼうおん,せいでんき,ゆうばく
"マルマイン
(ヒスイのすがた)",101,769,60,50,70,80,80,150,490,でんき,くさ,ぼうおん,せいでんき,ゆうばく
タマタマ,102,773,60,40,80,60,45,40,325,くさ,エスパー,ようりょくそ,,しゅうかく
ナッシー,103,787,95,95,85,125,75,55,530,くさ,エスパー,ようりょくそ,,しゅうかく
"ナッシー
(アローラのすがた)",103,797,95,105,85,125,75,45,530,くさ,ドラゴン,おみとおし,,しゅうかく
カラカラ,104,809,50,50,95,40,50,35,320,じめん,,いしあたま,ひらいしん,カブトアーマー
ガラガラ,105,811,60,80,110,50,80,45,425,じめん,,いしあたま,ひらいしん,カブトアーマー
"ガラガラ
(アローラのすがた)",105,821,60,80,110,50,80,45,425,ほのお,ゴースト,のろわれボディ,ひらいしん,いしあたま
サワムラー,106,823,50,120,53,35,110,87,455,かくとう,,じゅうなん,すてみ*4,かるわざ
エビワラー,107,827,50,105,79,35,110,76,455,かくとう,,するどいめ,てつのこぶし*4,せいしんりょく
ベロリンガ,108,829,90,55,75,60,75,30,385,ノーマル,,マイペース,どんかん,ノーてんき
ドガース,109,839,40,65,95,60,45,35,340,どく,,ふゆう,かがくへんかガス*8,あくしゅう*8
マタドガス,110,853,65,90,120,85,70,60,490,どく,,ふゆう,かがくへんかガス*8,あくしゅう*8
"マタドガス
(ガラルのすがた)",110,857,65,90,120,85,70,60,490,どく,フェアリー,ふゆう,かがくへんかガス,ミストメイカー
サイホーン,111,859,80,85,95,30,30,25,345,じめん,いわ,ひらいしん,いしあたま,すてみ
サイドン,112,863,105,130,120,45,45,40,485,じめん,いわ,ひらいしん,いしあたま,すてみ
ラッキー,113,877,250,5,5,35,105,50,450,ノーマル,,しぜんかいふく,てんのめぐみ,いやしのこころ
モンジャラ,114,881,65,55,115,100,40,60,435,くさ,,ようりょくそ,リーフガード*4,さいせいりょく
ガルーラ,115,883,105,95,80,40,80,90,490,ノーマル,,はやおき,きもったま*4,せいしんりょく
メガガルーラ,115,887,105,125,100,60,100,100,590,ノーマル,,おやこあい,,
タッツー,116,907,30,40,70,70,25,60,295,みず,,すいすい,スナイパー*4,しめりけ
シードラ,117,911,55,65,95,95,45,85,440,みず,,どくのトゲ,スナイパー*4,しめりけ
トサキント,118,919,45,67,60,35,50,63,320,みず,,すいすい,みずのベール,ひらいしん
アズマオウ,119,929,80,92,65,65,80,68,450,みず,,すいすい,みずのベール,ひらいしん
ヒトデマン,120,937,30,45,55,70,55,85,340,みず,,はっこう,しぜんかいふく,アナライズ
スターミー,121,941,60,75,85,100,85,115,520,みず,エスパー,はっこう,しぜんかいふく,アナライズ
バリヤード,122,947,40,45,65,100,120,90,460,エスパー,フェアリー,ぼうおん,フィルター*4,テクニシャン
"バリヤード
(ガラルのすがた)",122,953,50,65,65,90,90,100,460,こおり,エスパー,やるき,バリアフリー,アイスボディ
ストライク,123,967,70,110,80,55,80,105,500,むし,ひこう,むしのしらせ,テクニシャン*4,ふくつのこころ
ルージュラ,124,971,65,50,35,115,95,95,455,こおり,エスパー,どんかん,よちむ*4,かんそうはだ
エレブー,125,977,65,83,57,95,85,105,490,でんき,,せいでんき,,やるき
ブーバー,126,983,65,95,57,100,85,93,495,ほのお,,ほのおのからだ,,やるき
カイロス,127,991,65,125,100,55,70,85,500,むし,,かいりきバサミ,かたやぶり*4,じしんかじょう
メガカイロス,127,997,65,155,120,65,90,105,600,むし,,スカイスキン,,
ケンタロス,128,1009,75,100,95,40,70,110,490,ノーマル,,いかく,いかりのつぼ*4,ちからずく
"ケンタロス
(パルデアのすがた単)",128,1013,75,110,105,30,70,100,490,かくとう,,いかく,いかりのつぼ,はんすう
"ケンタロス
(パルデアのすがた炎)",128,1019,75,110,105,30,70,100,490,かくとう,ほのお,いかく,いかりのつぼ,はんすう
"ケンタロス
(パルデアのすがた水)",128,1021,75,110,105,30,70,100,490,かくとう,みず,いかく,いかりのつぼ,はんすう
コイキング,129,1031,20,10,55,15,20,80,200,みず,,すいすい,,びびり
ギャラドス,130,1033,95,125,79,60,100,81,540,みず,ひこう,いかく,,じしんかじょう
メガギャラドス,130,1039,95,155,109,70,130,81,640,みず,ひこう,かたやぶり,,
ラプラス,131,1049,130,85,80,85,95,60,535,みず,こおり,ちょすい,シェルアーマー,うるおいボディ
メタモン,132,1051,48,48,48,48,48,48,288,ノーマル,,じゅうなん,,かわりもの
イーブイ,133,1061,55,55,50,45,65,55,325,ノーマル,,にげあし,てきおうりょく*4,きけんよち
シャワーズ,134,1063,130,65,60,110,95,65,525,みず,,ちょすい,,うるおいボディ
サンダース,135,1069,65,65,60,110,95,130,525,でんき,,ちくでん,,はやあし
ブースター,136,1087,65,130,60,95,110,65,525,ほのお,,もらいび,,こんじょう
ポリゴン,137,1091,65,60,70,85,75,40,395,ノーマル,,トレース,ダウンロード*4,アナライズ
オムナイト,138,1093,35,40,100,90,55,35,355,いわ,みず,すいすい,シェルアーマー,くだけるよろい
オムスター,139,1097,70,60,125,115,70,55,495,いわ,みず,すいすい,シェルアーマー,くだけるよろい
カブト,140,1103,30,80,90,55,45,55,355,いわ,みず,すいすい,カブトアーマー,くだけるよろい
カブトプス,141,1109,60,115,105,65,70,80,495,いわ,みず,すいすい,カブトアーマー,くだけるよろい
プテラ,142,1117,80,105,65,60,75,130,515,いわ,ひこう,いしあたま,プレッシャー,きんちょうかん
メガプテラ,142,1123,80,135,85,70,95,150,615,,,かたいツメ,,
カビゴン,143,1129,160,110,65,65,110,30,540,ノーマル,,めんえき,あついしぼう,くいしんぼう
フリーザー,144,1151,90,85,100,95,125,85,580,こおり,ひこう,プレッシャー,,ゆきがくれ
"フリーザー
(ガラルのすがた)",144,1153,90,85,85,125,100,95,580,エスパー,ひこう,かちき,,
サンダー,145,1163,90,90,85,125,90,100,580,でんき,ひこう,プレッシャー,,せいでんき[3]
"サンダー
(ガラルのすがた)",145,1171,90,125,90,85,90,100,580,かくとう,ひこう,まけんき,,
ファイヤー,146,1181,90,100,90,125,85,90,580,ほのお,ひこう,プレッシャー,,ほのおのからだ
"ファイヤー
(ガラルのすがた)",146,1187,90,85,90,100,125,90,580,あく,ひこう,ぎゃくじょう,,
ミニリュウ,147,1193,41,64,45,50,50,50,300,ドラゴン,,だっぴ,,ふしぎなうろこ
ハクリュー,148,1201,61,84,65,70,70,70,420,ドラゴン,,だっぴ,,ふしぎなうろこ
カイリュー,149,1213,91,134,95,100,100,80,600,ドラゴン,ひこう,せいしんりょく,,マルチスケイル
ミュウツー,150,1217,106,110,90,154,90,130,680,エスパー,,プレッシャー,,きんちょうかん
メガミュウツーX,150,1223,106,190,100,154,100,130,780,エスパー,,ふくつのこころ,,
メガミュウツーY,150,1229,106,150,70,194,120,140,780,エスパー,,ふみん,,
ミュウ,151,1231,100,100,100,100,100,100,600,エスパー,,シンクロ,,
チコリータ,152,1237,45,49,65,49,65,45,318,くさ,,しんりょく,,リーフガード
ベイリーフ,153,1249,60,62,80,63,80,60,405,くさ,,しんりょく,,リーフガード
メガニウム,154,1259,80,82,100,83,100,80,525,くさ,,しんりょく,,リーフガード
ヒノアラシ,155,1277,39,52,43,60,50,65,309,ほのお,,もうか,,もらいび
マグマラシ,156,1279,58,64,58,80,65,80,405,ほのお,,もうか,,もらいび
バクフーン,157,1283,78,84,78,109,85,100,534,ほのお,,もうか,,もらいび
"バクフーン
(ヒスイのすがた)",157,1289,73,84,78,119,85,95,534,ほのお,ゴースト,もうか,,おみとおし[4]
ワニノコ,158,1291,50,65,64,44,48,43,314,みず,,げきりゅう,,ちからずく
アリゲイツ,159,1297,65,80,80,59,63,58,405,みず,,げきりゅう,,ちからずく
オーダイル,160,1301,85,105,100,79,83,78,530,みず,,げきりゅう,,ちからずく
オタチ,161,1303,35,46,34,35,45,20,215,ノーマル,,にげあし,するどいめ,おみとおし
オオタチ,162,1307,85,76,64,45,55,90,415,ノーマル,,にげあし,するどいめ,おみとおし
ホーホー,163,1319,60,30,30,36,56,50,262,ノーマル,ひこう,ふみん,するどいめ,いろめがね
ヨルノズク,164,1321,100,50,50,86,96,70,452,ノーマル,ひこう,ふみん,するどいめ,いろめがね
レディバ,165,1327,40,20,30,40,80,55,265,むし,ひこう,むしのしらせ,はやおき,びびり
レディアン,166,1361,55,35,50,55,110,85,390,むし,ひこう,むしのしらせ,はやおき,てつのこぶし
イトマル,167,1367,40,60,40,40,40,30,250,むし,どく,むしのしらせ,ふみん,スナイパー
アリアドス,168,1373,70,90,70,60,70,40,400,むし,どく,むしのしらせ,ふみん,スナイパー
クロバット,169,1381,85,90,80,70,80,130,535,どく,ひこう,せいしんりょく,,すりぬけ
チョンチー,170,1399,75,38,38,56,56,67,330,みず,でんき,ちくでん,はっこう,ちょすい
ランターン,171,1409,125,58,58,76,76,67,460,みず,でんき,ちくでん,はっこう,ちょすい
ピチュー,172,1423,20,40,15,35,35,60,205,でんき,,せいでんき,,ひらいしん
ピィ,173,1427,50,25,28,45,55,15,218,フェアリー,,メロメロボディ,マジックガード*4,フレンドガード
ププリン,174,1429,90,30,15,40,20,15,210,ノーマル,フェアリー,メロメロボディ,かちき*6,フレンドガード
トゲピー,175,1433,35,20,65,40,65,20,245,フェアリー,,はりきり,てんのめぐみ,きょううん
トゲチック,176,1439,55,40,85,80,105,40,405,フェアリー,ひこう,はりきり,てんのめぐみ,きょううん
ネイティ,177,1447,40,50,45,70,45,70,320,エスパー,ひこう,シンクロ,はやおき,マジックミラー
ネイティオ,178,1451,65,75,70,95,70,95,470,エスパー,ひこう,シンクロ,はやおき,マジックミラー
メリープ,179,1453,55,40,40,65,45,35,280,でんき,,せいでんき,,プラス
モココ,180,1459,70,55,55,80,60,45,365,でんき,,せいでんき,,プラス
デンリュウ,181,1471,90,75,85,115,90,55,510,でんき,,せいでんき,,プラス
メガデンリュウ,181,1481,90,95,105,165,110,45,610,でんき,,かたやぶり,,
キレイハナ,182,1483,75,80,95,90,100,50,490,くさ,,ようりょくそ,,いやしのこころ
マリル,183,1487,70,20,50,20,50,40,250,みず,フェアリー,あついしぼう,ちからもち,そうしょく
マリルリ,184,1489,100,50,80,60,80,50,420,みず,フェアリー,あついしぼう,ちからもち,そうしょく
ウソッキー,185,1493,70,100,115,30,65,30,410,いわ,,がんじょう,いしあたま,びびり
ニョロトノ,186,1499,90,75,75,90,100,70,500,みず,,ちょすい,しめりけ,あめふらし
ハネッコ,187,1511,35,35,40,35,55,50,250,くさ,ひこう,ようりょくそ,リーフガード*4,すりぬけ
ポポッコ,188,1523,55,45,50,45,65,80,340,くさ,ひこう,ようりょくそ,リーフガード*4,すりぬけ
ワタッコ,189,1531,75,55,70,55,95,110,460,くさ,ひこう,ようりょくそ,リーフガード*4,すりぬけ
エイパム,190,1543,55,70,55,40,55,85,360,ノーマル,,にげあし,ものひろい,スキルリンク
ヒマナッツ,191,1549,30,30,30,30,30,30,180,くさ,,ようりょくそ,サンパワー*4,はやおき
キマワリ,192,1553,75,75,55,105,85,30,425,くさ,,ようりょくそ,サンパワー*4,はやおき
ヤンヤンマ,193,1559,65,65,45,75,45,95,390,むし,ひこう,かそく,ふくがん,おみとおし
ウパー,194,1567,55,45,45,25,25,15,210,みず,じめん,しめりけ,ちょすい,てんねん
"ウパー
(パルデアのすがた)",194,1571,55,45,45,25,25,15,210,どく,じめん,どくのトゲ,ちょすい,てんねん
ヌオー,195,1579,95,85,85,65,65,35,430,みず,じめん,しめりけ,ちょすい,てんねん
エーフィ,196,1583,65,65,60,130,95,110,525,エスパー,,シンクロ,,マジックミラー
ブラッキー,197,1597,95,65,110,60,130,65,525,あく,,シンクロ,,せいしんりょく
ヤミカラス,198,1601,60,85,42,85,42,91,405,あく,ひこう,ふみん,きょううん*4,いたずらごころ
ヤドキング,199,1607,95,75,80,100,110,30,490,みず,エスパー,どんかん,マイペース,さいせいりょく
"ヤドキング
(ガラルのすがた)",199,1609,95,65,80,110,110,30,490,どく,エスパー,きみょうなくすり,マイペース,さいせいりょく
ムウマ,200,1613,60,60,60,85,85,85,435,ゴースト,,ふゆう,,
アンノーン,201,1619,48,72,48,72,48,48,336,エスパー,,ふゆう,,
ソーナンス,202,1621,190,33,58,33,58,33,405,エスパー,,かげふみ,,テレパシー
キリンリキ,203,1627,70,80,65,90,65,85,455,ノーマル,エスパー,せいしんりょく,はやおき,そうしょく
クヌギダマ,204,1637,50,65,90,35,35,15,290,むし,,がんじょう,,ぼうじん
フォレトス,205,1657,75,90,140,60,60,40,465,むし,はがね,がんじょう,,ぼうじん
ノコッチ,206,1663,100,70,70,65,65,45,415,ノーマル,,てんのめぐみ,にげあし,びびり
グライガー,207,1667,65,75,105,35,65,85,430,じめん,ひこう,かいりきバサミ,すながくれ,めんえき
ハガネール,208,1669,75,85,200,55,65,30,510,はがね,じめん,いしあたま,がんじょう,ちからずく
メガハガネール,208,1693,75,125,230,55,95,30,610,はがね,じめん,すなのちから,,
ブルー,209,1697,60,80,50,40,40,30,300,フェアリー,,いかく,にげあし,びびり
グランブル,210,1699,90,120,75,60,60,45,450,フェアリー,,いかく,はやあし*4,びびり
ハリーセン,211,1709,65,95,85,55,55,85,440,みず,どく,どくのトゲ,すいすい,いかく
"ハリーセン
(ヒスイのすがた)",211,1721,65,95,85,55,55,85,440,あく,どく,どくのトゲ,すいすい,いかく
ハッサム,212,1723,70,130,100,55,80,65,500,むし,はがね,むしのしらせ,テクニシャン*4,ライトメタル
メガハッサム,212,1733,70,150,140,65,100,75,600,むし,はがね,テクニシャン,,
ツボツボ,213,1741,20,10,230,10,230,5,505,むし,いわ,がんじょう,くいしんぼう*4,あまのじゃく
ヘラクロス,214,1747,80,125,75,40,95,85,500,むし,かくとう,むしのしらせ,こんじょう,じしんかじょう
メガヘラクロス,214,1753,80,185,115,40,105,75,600,むし,かくとう,スキルリンク,,
ニューラ,215,1759,55,95,55,35,75,115,430,あく,こおり,せいしんりょく,するどいめ,わるいてぐせ
"ニューラ
(ヒスイのすがた)",215,1777,55,95,55,35,75,115,430,かくとう,どく,せいしんりょく,するどいめ,わるいてぐせ[5]
ヒメグマ,216,1783,60,80,50,50,50,40,330,ノーマル,,ものひろい,はやあし*4,みつあつめ
リングマ,217,1787,90,130,75,75,75,55,500,ノーマル,,こんじょう,はやあし*4,きんちょうかん
マグマッグ,218,1789,40,40,40,70,40,20,250,ほのお,,マグマのよろい,ほのおのからだ,くだけるよろい
マグカルゴ,219,1801,60,50,120,90,80,30,430,ほのお,いわ,マグマのよろい,ほのおのからだ,くだけるよろい
ウリムー,220,1811,50,50,40,30,30,50,250,こおり,じめん,どんかん,ゆきがくれ*4,あついしぼう
イノムー,221,1823,100,100,80,60,60,50,450,こおり,じめん,どんかん,ゆきがくれ*4,あついしぼう
サニーゴ,222,1831,65,55,95,65,95,35,410,みず,いわ,はりきり,しぜんかいふく,さいせいりょく
"サニーゴ
(ガラルのすがた)",222,1847,60,55,100,65,100,30,410,ゴースト,,くだけるよろい,,のろわれボディ
テッポウオ,223,1861,35,65,35,65,35,65,300,みず,,はりきり,スナイパー,ムラっけ
オクタン,224,1867,75,105,75,105,75,45,480,みず,,きゅうばん,スナイパー*4,ムラっけ
デリバード,225,1871,45,55,45,65,45,75,330,こおり,ひこう,やるき,はりきり,ふみん
マンタイン,226,1873,85,40,70,80,140,70,485,みず,ひこう,すいすい,ちょすい,みずのベール
エアームド,227,1877,65,80,140,40,70,70,465,はがね,ひこう,するどいめ,がんじょう,くだけるよろい
デルビル,228,1879,45,60,30,80,50,65,330,あく,ほのお,はやおき,もらいび,きんちょうかん
ヘルガー,229,1889,75,90,50,110,80,95,500,あく,ほのお,はやおき,もらいび,きんちょうかん
メガヘルガー,229,1901,75,90,90,140,90,115,600,あく,ほのお,サンパワー,,
キングドラ,230,1907,75,95,95,95,95,85,540,みず,ドラゴン,すいすい,スナイパー*4,しめりけ
ゴマゾウ,231,1913,90,60,60,40,40,40,330,じめん,,ものひろい,,すながくれ
ドンファン,232,1931,90,120,120,60,60,50,500,じめん,,がんじょう,,すながくれ
ポリゴン2,233,1933,85,80,90,105,95,60,515,ノーマル,,トレース,ダウンロード*4,アナライズ
オドシシ,234,1949,73,95,62,85,65,85,465,ノーマル,,いかく,おみとおし*4,そうしょく
ドーブル,235,1951,55,20,35,20,45,75,250,ノーマル,,マイペース,テクニシャン*4,ムラっけ
バルキー,236,1973,35,35,35,35,35,35,210,かくとう,,こんじょう,ふくつのこころ*4,やるき
カポエラー,237,1979,50,95,95,35,110,70,455,かくとう,,いかく,テクニシャン*4,ふくつのこころ
ムチュール,238,1987,45,30,15,85,65,65,305,こおり,エスパー,どんかん,よちむ*4,うるおいボディ
エレキッド,239,1993,45,63,37,65,55,95,360,でんき,,せいでんき,,やるき
ブビィ,240,1997,45,75,37,70,55,83,365,ほのお,,ほのおのからだ,,やるき
ミルタンク,241,1999,95,80,105,40,70,100,490,ノーマル,,あついしぼう,きもったま*4,そうしょく
ハピナス,242,2003,255,10,10,75,135,55,540,ノーマル,,しぜんかいふく,てんのめぐみ,いやしのこころ
ライコウ,243,2011,90,85,75,115,100,115,580,でんき,,プレッシャー,,せいしんりょく[6]
エンテイ,244,2017,115,115,85,90,75,100,580,ほのお,,プレッシャー,,せいしんりょく[7]
スイクン,245,2027,100,75,115,90,115,85,580,みず,,プレッシャー,,せいしんりょく[8]
ヨーギラス,246,2029,50,64,50,45,50,41,300,いわ,じめん,こんじょう,,すながくれ
サナギラス,247,2039,70,84,70,65,70,51,410,いわ,じめん,だっぴ,,
バンギラス,248,2053,100,134,110,95,100,61,600,いわ,あく,すなおこし,,きんちょうかん
メガバンギラス,248,2063,100,164,150,95,120,71,700,いわ,あく,すなおこし,,
ルギア,249,2069,106,90,130,90,154,110,680,エスパー,ひこう,プレッシャー,,マルチスケイル
ホウオウ,250,2081,106,130,90,110,154,90,680,ほのお,ひこう,プレッシャー,,さいせいりょく
セレビィ,251,2083,100,100,100,100,100,100,600,エスパー,くさ,しぜんかいふく,,
キモリ,252,2087,40,45,35,65,55,70,310,くさ,,しんりょく,,かるわざ
ジュプトル,253,2089,50,65,45,85,65,95,405,くさ,,しんりょく,,かるわざ
ジュカイン,254,2099,70,85,65,105,85,120,530,くさ,,しんりょく,,かるわざ
メガジュカイン,254,2111,70,110,75,145,85,145,630,くさ,,ひらいしん,,
アチャモ,255,2113,45,60,40,70,50,45,310,ほのお,,もうか,,かそく
ワカシャモ,256,2129,60,85,60,85,60,55,405,ほのお,かくとう,もうか,,かそく
バシャーモ,257,2131,80,120,70,110,70,80,530,ほのお,かくとう,もうか,,かそく
メガバシャーモ,257,2137,80,160,80,130,80,100,630,ほのお,かくとう,かそく,,
ミズゴロウ,258,2141,50,70,50,50,50,40,310,みず,,げきりゅう,,しめりけ
ヌマクロー,259,2143,70,85,70,60,70,50,405,みず,じめん,げきりゅう,,しめりけ
ラグラージ,260,2153,100,110,90,85,90,60,535,みず,じめん,げきりゅう,,しめりけ
メガラグラージ,260,2161,100,150,110,95,110,70,635,みず,じめん,すいすい,,
ポチエナ,261,2179,35,55,35,30,30,35,220,あく,,にげあし,はやあし*4,びびり
グラエナ,262,2203,70,90,70,60,60,70,420,あく,,いかく,はやあし*4,じしんかじょう
ジグザグマ,263,2207,38,30,41,30,41,60,240,ノーマル,,ものひろい,くいしんぼう*4,はやあし
"ジグザグマ
(ガラルのすがた)",263,2213,38,30,41,30,41,60,240,あく,ノーマル,ものひろい,くいしんぼう,はやあし
マッスグマ,264,2221,78,70,61,50,61,100,420,ノーマル,,ものひろい,くいしんぼう*4,はやあし
"マッスグマ
(ガラルのすがた)",264,2237,78,70,61,50,61,100,420,あく,ノーマル,ものひろい,くいしんぼう,はやあし
ケムッソ,265,2239,45,45,35,20,30,20,195,むし,,りんぷん,,にげあし
カラサリス,266,2243,50,35,55,25,25,15,205,むし,,だっぴ,,
アゲハント,267,2251,60,70,50,100,50,65,395,むし,ひこう,むしのしらせ,,とうそうしん
マユルド,268,2267,50,35,55,25,25,15,205,むし,,だっぴ,,
ドクケイル,269,2269,60,50,70,50,90,65,385,むし,どく,りんぷん,,ふくがん
ハスボー,270,2273,40,30,30,40,50,30,220,みず,くさ,すいすい,あめうけざら,マイペース
ハスブレロ,271,2281,60,50,50,60,70,50,340,みず,くさ,すいすい,あめうけざら,マイペース
ルンパッパ,272,2287,80,70,70,90,100,70,480,みず,くさ,すいすい,あめうけざら,マイペース
タネボー,273,2293,40,40,50,30,30,30,220,くさ,,ようりょくそ,はやおき,わるいてぐせ
コノハナ,274,2297,70,70,40,60,40,60,340,くさ,あく,ようりょくそ,はやおき,わるいてぐせ
ダーテング,275,2309,90,100,60,90,60,80,480,くさ,あく,ようりょくそ,はやおき,わるいてぐせ
スバメ,276,2311,40,55,30,30,30,85,270,ノーマル,ひこう,こんじょう,,きもったま
オオスバメ,277,2333,60,85,60,75,50,125,455,ノーマル,ひこう,こんじょう,,きもったま
キャモメ,278,2339,40,30,30,55,30,85,270,みず,ひこう,するどいめ,うるおいボディ*7,あめうけざら
ペリッパー,279,2341,60,50,100,95,70,65,440,みず,ひこう,するどいめ,あめふらし*7,あめうけざら
ラルトス,280,2347,28,25,25,45,35,40,198,エスパー,フェアリー,シンクロ,トレース,テレパシー
キルリア,281,2351,38,35,35,65,55,50,278,エスパー,フェアリー,シンクロ,トレース,テレパシー
サーナイト,282,2357,68,65,65,125,115,80,518,エスパー,フェアリー,シンクロ,トレース,テレパシー
メガサーナイト,282,2371,68,85,65,165,135,100,618,エスパー,フェアリー,フェアリースキン,,
アメタマ,283,2377,40,30,32,50,52,65,269,むし,みず,すいすい,,あめうけざら
アメモース,284,2381,70,60,62,100,82,80,454,むし,ひこう,いかく,,きんちょうかん
キノココ,285,2383,60,40,60,40,60,35,295,くさ,,ほうし,ポイズンヒール*4,はやあし
キノガッサ,286,2389,60,130,80,60,60,70,460,くさ,かくとう,ほうし,ポイズンヒール*4,テクニシャン
ナマケロ,287,2393,60,60,60,35,35,30,280,ノーマル,,なまけ,,
ヤルキモノ,288,2399,80,80,80,55,55,90,440,ノーマル,,やるき,,
ケッキング,289,2411,150,160,100,95,65,100,670,ノーマル,,なまけ,,
ツチニン,290,2417,31,45,90,30,30,40,266,むし,じめん,ふくがん,,にげあし
テッカニン,291,2423,61,90,45,50,50,160,456,むし,ひこう,かそく,,すりぬけ
ヌケニン,292,2437,1,90,45,30,30,40,236,むし,ゴースト,ふしぎなまもり,,
ゴニョニョ,293,2441,64,51,23,51,23,28,240,ノーマル,,ぼうおん,,びびり
ドゴーム,294,2447,84,71,43,71,43,48,360,ノーマル,,ぼうおん,,きもったま
バクオング,295,2459,104,91,63,91,73,68,490,ノーマル,,ぼうおん,,きもったま
マクノシタ,296,2467,72,60,30,20,30,25,237,かくとう,,あついしぼう,こんじょう,ちからずく
ハリテヤマ,297,2473,144,120,60,40,60,50,474,かくとう,,あついしぼう,こんじょう,ちからずく
ルリリ,298,2477,50,20,40,20,40,20,190,ノーマル,フェアリー,あついしぼう,ちからもち,そうしょく
ノズパス,299,2503,30,45,135,45,90,30,375,いわ,,がんじょう,じりょく,すなのちから
エネコ,300,2521,50,45,45,35,35,50,260,ノーマル,,メロメロボディ,ノーマルスキン*4,ミラクルスキン
エネコロロ,301,2531,70,65,65,55,55,90,400,ノーマル,,メロメロボディ,ノーマルスキン*4,ミラクルスキン
ヤミラミ,302,2539,50,75,75,65,65,50,380,あく,ゴースト,するどいめ,あとだし*4,いたずらごころ
メガヤミラミ,302,2543,50,85,125,85,115,20,480,あく,ゴースト,マジックミラー,,
クチート,303,2549,50,85,85,55,55,50,380,はがね,フェアリー,かいりきバサミ,いかく,ちからずく
メガクチート,303,2551,50,105,125,55,95,50,480,はがね,フェアリー,ちからもち,,
ココドラ,304,2557,50,70,100,40,40,30,330,はがね,いわ,がんじょう,いしあたま,ヘヴィメタル
コドラ,305,2579,60,90,140,50,50,40,430,はがね,いわ,がんじょう,いしあたま,ヘヴィメタル
ボスゴドラ,306,2591,70,110,180,60,60,50,530,はがね,いわ,がんじょう,いしあたま,ヘヴィメタル
メガボスゴドラ,306,2593,70,140,230,60,80,50,630,はがね,いわ,フィルター,,
アサナン,307,2609,30,40,55,40,55,60,280,かくとう,エスパー,ヨガパワー,,テレパシー
チャーレム,308,2617,60,60,75,60,75,80,410,かくとう,エスパー,ヨガパワー,,テレパシー
メガチャーレム,308,2621,60,100,85,80,85,100,510,かくとう,エスパー,ヨガパワー,,
ラクライ,309,2633,40,45,40,65,40,65,295,でんき,,せいでんき,ひらいしん,マイナス
ライボルト,310,2647,70,75,60,105,60,105,475,でんき,,せいでんき,ひらいしん,マイナス
メガライボルト,310,2657,70,75,80,135,80,135,575,でんき,,いかく,,
プラスル,311,2659,60,50,40,85,75,95,405,でんき,,プラス,,ひらいしん*6
マイナン,312,2663,60,40,50,75,85,95,405,でんき,,マイナス,,ちくでん*6
バルビート,313,2671,65,73,75,47,85,85,430,むし,,はっこう,むしのしらせ,いたずらごころ
イルミーゼ,314,2677,65,47,75,73,85,85,430,むし,,どんかん,いろめがね*4,いたずらごころ
ロゼリア,315,2683,50,60,45,100,80,65,400,くさ,どく,しぜんかいふく,どくのトゲ,リーフガード
ゴクリン,316,2687,70,43,53,43,53,40,302,どく,,ヘドロえき,ねんちゃく,くいしんぼう
マルノーム,317,2689,100,73,83,73,83,55,467,どく,,ヘドロえき,ねんちゃく,くいしんぼう
キバニア,318,2693,45,90,20,65,20,65,305,みず,あく,さめはだ,,かそく
サメハダー,319,2699,70,120,40,95,40,95,460,みず,あく,さめはだ,,かそく
メガサメハダー,319,2707,70,140,70,110,65,105,560,みず,あく,がんじょうあご,,
ホエルコ,320,2711,130,70,35,70,35,60,400,みず,,みずのベール,どんかん,プレッシャー
ホエルオー,321,2713,170,90,45,90,45,60,500,みず,,みずのベール,どんかん,プレッシャー
ドンメル,322,2719,60,60,40,65,45,35,305,ほのお,じめん,どんかん,たんじゅん*4,マイペース
バクーダ,323,2729,70,100,70,105,75,40,460,ほのお,じめん,マグマのよろい,ハードロック*4,いかりのつぼ
メガバクーダ,323,2731,70,120,100,145,105,20,560,ほのお,じめん,ちからずく,,
コータス,324,2741,70,85,140,85,70,20,470,ほのお,,しろいけむり,ひでり*7,シェルアーマー
バネブー,325,2749,60,25,35,70,80,60,330,エスパー,,あついしぼう,マイペース,くいしんぼう
ブーピッグ,326,2753,80,45,65,90,110,80,470,エスパー,,あついしぼう,マイペース,くいしんぼう
パッチール,327,2767,60,60,60,60,60,60,360,ノーマル,,マイペース,ちどりあし*4,あまのじゃく
ナックラー,328,2777,45,100,45,45,45,10,290,じめん,,かいりきバサミ,ありじごく,ちからずく
ビブラーバ,329,2789,50,70,50,50,50,70,340,じめん,ドラゴン,ふゆう,,
フライゴン,330,2791,80,100,80,80,80,100,520,じめん,ドラゴン,ふゆう,,
サボネア,331,2797,50,85,40,85,40,35,335,くさ,,すながくれ,,ちょすい
ノクタス,332,2801,70,115,60,115,60,55,475,くさ,あく,すながくれ,,ちょすい
チルット,333,2803,45,40,60,40,75,50,310,ノーマル,ひこう,しぜんかいふく,,ノーてんき
チルタリス,334,2819,75,70,90,70,105,80,490,ドラゴン,ひこう,しぜんかいふく,,ノーてんき
メガチルタリス,334,2833,75,110,110,110,105,80,590,ドラゴン,ひこう,フェアリースキン,,
ザングース,335,2837,73,115,60,60,60,90,458,ノーマル,,めんえき,,どくぼうそう
ハブネーク,336,2843,73,100,60,100,60,65,458,どく,,だっぴ,,すりぬけ
ルナトーン,337,2851,90,55,65,95,85,70,460,いわ,エスパー,ふゆう,,
ソルロック,338,2857,90,95,85,55,65,70,460,いわ,エスパー,ふゆう,,
ドジョッチ,339,2861,50,48,43,46,41,60,288,みず,じめん,どんかん,きけんよち*4,うるおいボディ
ナマズン,340,2879,110,78,73,76,71,60,468,みず,じめん,どんかん,きけんよち*4,うるおいボディ
ヘイガニ,341,2887,43,80,65,50,35,35,308,みず,,かいりきバサミ,シェルアーマー,てきおうりょく
シザリガー,342,2897,63,120,85,90,55,55,468,みず,あく,かいりきバサミ,シェルアーマー,てきおうりょく
ヤジロン,343,2903,40,40,55,40,70,55,300,じめん,エスパー,ふゆう,,
ネンドール,344,2909,60,70,105,70,120,75,500,じめん,エスパー,ふゆう,,
リリーラ,345,2917,66,41,77,61,87,23,355,いわ,くさ,きゅうばん,,よびみず
ユレイドル,346,2927,86,81,97,81,107,43,495,いわ,くさ,きゅうばん,,よびみず
アノプス,347,2939,45,95,50,40,50,75,355,いわ,むし,カブトアーマー,,すいすい
アーマルド,348,2953,75,125,100,70,80,45,495,いわ,むし,カブトアーマー,,すいすい
ヒンバス,349,2957,20,15,20,10,55,80,200,みず,,すいすい,どんかん*6,てきおうりょく
ミロカロス,350,2963,95,60,79,100,125,81,540,みず,,ふしぎなうろこ,かちき*6,メロメロボディ
ポワルン,351,2969,70,70,70,70,70,70,420,ノーマル,,てんきや,,
カクレオン,352,2971,60,90,70,60,120,40,440,ノーマル,,へんしょく,,へんげんじざい*6
カゲボウズ,353,2999,44,75,35,63,33,45,295,ゴースト,,ふみん,おみとおし*4,のろわれボディ
ジュペッタ,354,3001,64,115,65,83,63,65,455,ゴースト,,ふみん,おみとおし*4,のろわれボディ
メガジュペッタ,354,3011,64,165,75,93,83,75,555,ゴースト,,いたずらごころ,,
ヨマワル,355,3019,20,40,90,30,90,25,295,ゴースト,,ふゆう,,おみとおし*6
サマヨール,356,3023,40,70,130,60,130,25,455,ゴースト,,プレッシャー,,おみとおし*6
トロピウス,357,3037,99,68,83,72,87,51,460,くさ,ひこう,ようりょくそ,サンパワー*4,しゅうかく
チリーン,358,3041,75,50,80,95,90,65,455,エスパー,,ふゆう,,
アブソル,359,3049,65,130,60,75,60,75,465,あく,,プレッシャー,きょううん*4,せいぎのこころ
メガアブソル,359,3061,65,150,60,115,60,115,565,あく,,マジックミラー,,
ソーナノ,360,3067,95,23,48,23,48,23,260,エスパー,,かげふみ,,テレパシー
ユキワラシ,361,3079,50,50,50,50,50,50,300,こおり,,せいしんりょく,アイスボディ*4,ムラっけ
オニゴーリ,362,3083,80,80,80,80,80,80,480,こおり,,せいしんりょく,アイスボディ*4,ムラっけ
メガオニゴーリ,362,3089,80,120,80,120,80,100,580,こおり,,フリーズスキン,,
タマザラシ,363,3109,70,40,50,55,50,25,290,こおり,みず,あついしぼう,アイスボディ*4,どんかん
トドグラー,364,3119,90,60,70,75,70,45,410,こおり,みず,あついしぼう,アイスボディ*4,どんかん
トドゼルガ,365,3121,110,80,90,95,90,65,530,こおり,みず,あついしぼう,アイスボディ*4,どんかん
パールル,366,3137,35,64,85,74,55,32,345,みず,,シェルアーマー,,びびり
ハンテール,367,3163,55,104,105,94,75,52,485,みず,,すいすい,,みずのベール
サクラビス,368,3167,55,84,105,114,75,52,485,みず,,すいすい,,うるおいボディ
ジーランス,369,3169,100,90,130,45,65,55,485,みず,いわ,すいすい,いしあたま,がんじょう
ラブカス,370,3181,43,30,55,40,65,97,330,みず,,すいすい,,うるおいボディ
タツベイ,371,3187,45,75,60,40,30,50,300,ドラゴン,,いしあたま,,ちからずく
コモルー,372,3191,65,95,100,60,50,50,420,ドラゴン,,いしあたま,,ぼうじん
ボーマンダ,373,3203,95,135,80,110,80,100,600,ドラゴン,ひこう,いかく,,じしんかじょう
メガボーマンダ,373,3209,95,145,130,120,90,120,700,ドラゴン,ひこう,スカイスキン,,
ダンバル,374,3217,40,55,80,35,60,30,300,はがね,エスパー,クリアボディ,,ライトメタル
メタング,375,3221,60,75,100,55,80,50,420,はがね,エスパー,クリアボディ,,ライトメタル
メタグロス,376,3229,80,135,130,95,90,70,600,はがね,エスパー,クリアボディ,,ライトメタル
メガメタグロス,376,3251,80,145,150,105,110,110,700,はがね,エスパー,かたいツメ,,
レジロック,377,3253,80,100,200,50,100,50,580,いわ,,クリアボディ,,がんじょう
レジアイス,378,3257,80,50,100,100,200,50,580,こおり,,クリアボディ,,アイスボディ
レジスチル,379,3259,80,75,150,75,150,50,580,はがね,,クリアボディ,,ライトメタル
ラティアス,380,3271,80,80,90,110,130,110,600,ドラゴン,エスパー,ふゆう,,
メガラティアス,380,3299,80,100,120,140,150,110,700,ドラゴン,エスパー,ふゆう,,
ラティオス,381,3301,80,90,80,130,110,110,600,ドラゴン,エスパー,ふゆう,,
メガラティオス,381,3307,80,130,100,160,120,110,700,ドラゴン,エスパー,ふゆう,,
カイオーガ,382,3313,100,100,90,150,140,90,670,みず,,あめふらし,,
ゲンシカイオーガ,382,3319,100,150,90,180,160,90,770,みず,,はじまりのうみ,,
グラードン,383,3323,100,150,140,100,90,90,670,じめん,,ひでり,,
ゲンシグラードン,383,3329,100,180,160,150,90,90,770,じめん,ほのお,おわりのだいち,,
レックウザ,384,3331,105,150,90,150,90,95,680,ドラゴン,ひこう,エアロック,,
メガレックウザ,384,3343,105,180,100,180,100,115,780,ドラゴン,ひこう,デルタストリーム,,
ジラーチ,385,3347,100,100,100,100,100,100,600,はがね,エスパー,てんのめぐみ,,
"デオキシス
(ノーマルフォルム)",386,3359,50,150,50,150,50,150,600,エスパー,,プレッシャー,,
"デオキシス
(アタックフォルム)",386,3361,50,180,20,180,20,150,600,エスパー,,プレッシャー,,
"デオキシス
(ディフェンスフォルム)",386,3371,50,70,160,70,160,90,600,エスパー,,プレッシャー,,
"デオキシス
(スピードフォルム)",386,3373,50,95,90,95,90,180,600,エスパー,,プレッシャー,,
ナエトル,387,3389,55,68,64,45,55,31,318,くさ,,しんりょく,,シェルアーマー
ハヤシガメ,388,3391,75,89,85,55,65,36,405,くさ,,しんりょく,,シェルアーマー
ドダイトス,389,3407,95,109,105,75,85,56,525,くさ,じめん,しんりょく,,シェルアーマー
ヒコザル,390,3413,44,58,44,58,44,61,309,ほのお,,もうか,,てつのこぶし
モウカザル,391,3433,64,78,52,78,52,81,405,ほのお,かくとう,もうか,,てつのこぶし
ゴウカザル,392,3449,76,104,71,104,71,108,534,ほのお,かくとう,もうか,,てつのこぶし
ポッチャマ,393,3457,53,51,53,61,56,40,314,みず,,げきりゅう,,まけんき
ポッタイシ,394,3461,64,66,68,81,76,50,405,みず,,げきりゅう,,まけんき
エンペルト,395,3463,84,86,88,111,101,60,530,みず,はがね,げきりゅう,,まけんき
ムックル,396,3467,40,55,30,30,30,60,245,ノーマル,ひこう,するどいめ,,すてみ*6
ムクバード,397,3469,55,75,50,40,40,80,340,ノーマル,ひこう,いかく,,すてみ
ムクホーク,398,3491,85,120,70,50,60,100,485,ノーマル,ひこう,いかく,,すてみ
ビッパ,399,3499,59,45,40,35,40,31,250,ノーマル,,たんじゅん,てんねん,ムラっけ
ビーダル,400,3511,79,85,60,55,60,71,410,ノーマル,みず,たんじゅん,てんねん,ムラっけ
コロボーシ,401,3517,37,25,41,25,41,25,194,むし,,だっぴ,,にげあし
コロトック,402,3527,77,85,51,55,51,65,384,むし,,むしのしらせ,,テクニシャン
コリンク,403,3529,45,65,34,40,34,45,263,でんき,,とうそうしん,いかく,こんじょう
ルクシオ,404,3533,60,85,49,60,49,60,363,でんき,,とうそうしん,いかく,こんじょう
レントラー,405,3539,80,120,79,95,79,70,523,でんき,,とうそうしん,いかく,こんじょう
スボミー,406,3541,40,30,35,50,70,55,280,くさ,どく,しぜんかいふく,どくのトゲ,リーフガード
ロズレイド,407,3547,60,70,65,125,105,90,515,くさ,どく,しぜんかいふく,どくのトゲ,テクニシャン
ズガイドス,408,3557,67,125,40,30,30,58,350,いわ,,かたやぶり,,ちからずく
ラムパルド,409,3559,97,165,60,65,50,58,495,いわ,,かたやぶり,,ちからずく
タテトプス,410,3571,30,42,118,42,88,30,350,いわ,はがね,がんじょう,,ぼうおん
トリデプス,411,3581,60,52,168,47,138,30,495,いわ,はがね,がんじょう,,ぼうおん
ミノムッチ,412,3583,40,29,45,29,45,36,224,むし,,だっぴ,,ぼうじん
"ミノマダム
(くさきのミノ)",413,3593,60,59,85,79,105,36,424,むし,くさ,きけんよち,,ぼうじん
"ミノマダム
(すなちのミノ)",413,3607,60,79,105,59,85,36,424,むし,じめん,きけんよち,,ぼうじん
"ミノマダム
(ゴミのミノ)",413,3613,60,69,95,69,95,36,424,むし,はがね,きけんよち,,ぼうじん
ガーメイル,414,3617,70,94,50,94,50,66,424,むし,ひこう,むしのしらせ,,いろめがね
ミツハニー,415,3623,30,30,42,30,42,70,244,むし,ひこう,みつあつめ,,はりきり
ビークイン,416,3631,70,80,102,80,102,40,474,むし,ひこう,プレッシャー,,きんちょうかん
パチリス,417,3637,60,45,70,45,90,95,405,でんき,,にげあし,ものひろい,ちくでん
ブイゼル,418,3643,55,65,35,60,30,85,330,みず,,すいすい,,みずのベール
フローゼル,419,3659,85,105,55,85,50,115,495,みず,,すいすい,,みずのベール
チェリンボ,420,3671,45,35,45,62,53,35,275,くさ,,ようりょくそ,,
チェリム,421,3673,70,60,70,87,78,85,450,くさ,,フラワーギフト,,
カラナクシ,422,3677,76,48,48,57,62,34,325,みず,,ねんちゃく,よびみず,すなのちから
トリトドン,423,3691,111,83,68,92,82,39,475,みず,じめん,ねんちゃく,よびみず,すなのちから
エテボース,424,3697,75,100,66,60,66,115,482,ノーマル,,テクニシャン,ものひろい,スキルリンク
フワンテ,425,3701,90,50,34,60,44,70,348,ゴースト,ひこう,ゆうばく,かるわざ,ねつぼうそう
フワライド,426,3709,150,80,44,90,54,80,498,ゴースト,ひこう,ゆうばく,かるわざ,ねつぼうそう
ミミロル,427,3719,55,66,44,44,56,85,350,ノーマル,,にげあし,ぶきよう,じゅうなん
ミミロップ,428,3727,65,76,84,54,96,105,480,ノーマル,,メロメロボディ,ぶきよう,じゅうなん
メガミミロップ,428,3733,65,136,94,54,96,135,580,ノーマル,,きもったま,,
ムウマージ,429,3739,60,60,60,105,105,105,495,ゴースト,,ふゆう,,
ドンカラス,430,3761,100,125,52,105,52,71,505,あく,ひこう,ふみん,きょううん,じしんかじょう
ニャルマー,431,3767,49,55,42,42,37,85,310,ノーマル,,じゅうなん,マイペース,するどいめ
ブニャット,432,3769,71,82,64,64,59,112,452,ノーマル,,あついしぼう,マイペース,まけんき
リーシャン,433,3779,45,30,50,65,50,45,285,エスパー,,ふゆう,,
スカンプー,434,3793,63,63,47,41,41,74,329,どく,あく,あくしゅう,ゆうばく,するどいめ
スカタンク,435,3797,103,93,67,71,61,84,479,どく,あく,あくしゅう,ゆうばく,するどいめ
ドーミラー,436,3803,57,24,86,24,86,23,300,はがね,エスパー,ふゆう,たいねつ,ヘヴィメタル
ドータクン,437,3821,67,89,116,79,116,33,500,はがね,エスパー,ふゆう,たいねつ,ヘヴィメタル
ウソハチ,438,3823,50,80,95,10,45,10,290,いわ,,がんじょう,いしあたま,びびり
マネネ,439,3833,20,25,45,70,90,60,310,エスパー,フェアリー,ぼうおん,フィルター,テクニシャン
ピンプク,440,3847,100,5,5,15,65,30,220,ノーマル,,しぜんかいふく,てんのめぐみ,フレンドガード
ペラップ,441,3851,76,65,45,92,42,91,411,ノーマル,ひこう,するどいめ,ちどりあし,はとむね
ミカルゲ,442,3853,50,92,108,92,108,35,485,ゴースト,あく,プレッシャー,,すりぬけ
フカマル,443,3863,58,70,45,40,45,42,300,ドラゴン,じめん,すながくれ,,さめはだ
ガバイト,444,3877,68,90,65,50,55,82,410,ドラゴン,じめん,すながくれ,,さめはだ
ガブリアス,445,3881,108,130,95,80,85,102,600,ドラゴン,じめん,すながくれ,,さめはだ
メガガブリアス,445,3889,108,170,115,120,95,92,700,ドラゴン,じめん,すなのちから,,
ゴンベ,446,3907,135,85,40,40,85,5,390,ノーマル,,ものひろい,あついしぼう,くいしんぼう
リオル,447,3911,40,70,40,35,40,60,285,かくとう,,ふくつのこころ,せいしんりょく,いたずらごころ
ルカリオ,448,3917,70,110,70,115,70,90,525,かくとう,はがね,ふくつのこころ,せいしんりょく,せいぎのこころ
メガルカリオ,448,3919,70,145,88,140,70,112,625,かくとう,はがね,てきおうりょく,,
ヒポポタス,449,3923,68,72,78,38,42,32,330,じめん,,すなおこし,,すなのちから
カバルドン,450,3929,108,112,118,68,72,47,525,じめん,,すなおこし,,すなのちから
スコルピ,451,3931,40,50,90,30,55,65,330,どく,むし,カブトアーマー,スナイパー,するどいめ
ドラピオン,452,3943,70,90,110,60,75,95,500,どく,あく,カブトアーマー,スナイパー,するどいめ
グレッグル,453,3947,48,61,40,61,40,50,300,どく,かくとう,きけんよち,かんそうはだ,どくしゅ
ドクロッグ,454,3967,83,106,65,86,65,85,490,どく,かくとう,きけんよち,かんそうはだ,どくしゅ
マスキッパ,455,3989,74,100,72,90,72,46,454,くさ,,ふゆう,,
ケイコウオ,456,4001,49,49,56,49,61,66,330,みず,,すいすい,よびみず,みずのベール
ネオラント,457,4003,69,69,76,69,86,91,460,みず,,すいすい,よびみず,みずのベール
タマンタ,458,4007,45,20,50,60,120,50,345,みず,ひこう,すいすい,ちょすい,みずのベール
ユキカブリ,459,4013,60,62,50,62,60,40,334,くさ,こおり,ゆきふらし,,ぼうおん
ユキノオー,460,4019,90,92,75,92,85,60,494,くさ,こおり,ゆきふらし,,ぼうおん
メガユキノオー,460,4021,90,132,105,132,105,30,594,くさ,こおり,ゆきふらし,,
マニューラ,461,4027,70,120,65,45,85,125,510,あく,こおり,プレッシャー,,わるいてぐせ
ジバコイル,462,4049,70,70,115,130,90,60,535,でんき,はがね,じりょく,がんじょう,アナライズ
ベロベルト,463,4051,110,85,95,80,95,50,515,ノーマル,,マイペース,どんかん,ノーてんき
ドサイドン,464,4057,115,140,130,55,55,40,535,じめん,いわ,ひらいしん,ハードロック,すてみ
モジャンボ,465,4073,100,100,125,110,50,50,535,くさ,,ようりょくそ,リーフガード,さいせいりょく
エレキブル,466,4079,75,123,67,95,85,95,540,でんき,,でんきエンジン,,やるき
ブーバーン,467,4091,75,95,67,125,95,83,540,ほのお,,ほのおのからだ,,やるき
トゲキッス,468,4093,85,50,95,120,115,80,545,フェアリー,ひこう,はりきり,てんのめぐみ,きょううん
メガヤンマ,469,4099,86,76,86,116,56,95,515,むし,ひこう,かそく,いろめがね,おみとおし
リーフィア,470,4111,65,110,130,60,65,95,525,くさ,,リーフガード,,ようりょくそ
グレイシア,471,4127,65,60,110,130,95,65,525,こおり,,ゆきがくれ,,アイスボディ
グライオン,472,4129,75,95,125,45,75,95,510,じめん,ひこう,かいりきバサミ,すながくれ,ポイズンヒール
マンムー,473,4133,110,130,80,70,60,80,530,こおり,じめん,どんかん,ゆきがくれ,あついしぼう
ポリゴンZ,474,4139,85,80,70,135,75,90,535,ノーマル,,てきおうりょく,ダウンロード,アナライズ
エルレイド,475,4153,68,125,65,65,115,80,518,エスパー,かくとう,ふくつのこころ,きれあじ*9,せいぎのこころ
メガエルレイド,475,4157,68,165,95,65,115,110,618,エスパー,かくとう,せいしんりょく,,
ダイノーズ,476,4159,60,55,145,75,150,40,525,いわ,はがね,がんじょう,じりょく,すなのちから
ヨノワール,477,4177,45,100,135,65,135,45,525,ゴースト,,プレッシャー,,おみとおし*6
ユキメノコ,478,4201,70,80,70,80,70,110,480,こおり,ゴースト,ゆきがくれ,,のろわれボディ
ロトム,479,4211,50,50,77,95,77,91,440,でんき,ゴースト,ふゆう,,
"ロトム
(ヒートロトム)",479,4217,50,65,107,105,107,86,520,でんき,ほのお,ふゆう,,
"ロトム
(ウォッシュロトム)",479,4219,50,65,107,105,107,86,520,でんき,ひこう,ふゆう,,
"ロトム
(フロストロトム)",479,4229,50,65,107,105,107,86,520,でんき,こおり,ふゆう,,
"ロトム
(スピンロトム)",479,4231,50,65,107,105,107,86,520,でんき,みず,ふゆう,,
"ロトム
(カットロトム)",479,4241,50,65,107,105,107,86,520,でんき,くさ,ふゆう,,
ユクシー,480,4243,75,75,130,75,130,95,580,エスパー,,ふゆう,,
エムリット,481,4253,80,105,105,105,105,80,580,エスパー,,ふゆう,,
アグノム,482,4259,75,125,70,125,70,115,580,エスパー,,ふゆう,,
ディアルガ,483,4261,100,120,120,150,100,90,680,はがね,ドラゴン,プレッシャー,,テレパシー
"ディアルガ
(オリジンフォルム)",483,4271,100,100,120,150,120,90,680,はがね,ドラゴン,プレッシャー,,テレパシー
パルキア,484,4273,90,120,100,150,120,100,680,みず,ドラゴン,プレッシャー,,テレパシー
"パルキア
(オリジンフォルム)",484,4283,90,100,100,150,120,120,680,みず,ドラゴン,プレッシャー,,テレパシー
ヒードラン,485,4289,91,90,106,130,106,77,600,ほのお,はがね,もらいび,,ほのおのからだ
レジギガス,486,4297,110,160,110,80,110,100,670,ノーマル,,スロースタート,,
"ギラティナ
(アナザーフォルム)",487,4327,150,100,120,100,120,90,680,ゴースト,ドラゴン,プレッシャー,,テレパシー
"ギラティナ
(オリジンフォルム)",487,4337,150,120,100,120,100,90,680,ゴースト,ドラゴン,ふゆう,,
クレセリア,488,4339,120,70,110,75,120,85,580,エスパー,,ふゆう,,
フィオネ,489,4349,80,80,80,80,80,80,480,みず,,うるおいボディ,,
マナフィ,490,4357,100,100,100,100,100,100,600,みず,,うるおいボディ,,
ダークライ,491,4363,70,90,90,135,90,125,600,あく,,ナイトメア,,
"シェイミ
(ランドフォルム)",492,4373,100,100,100,100,100,100,600,くさ,,しぜんかいふく,,
"シェイミ
(スカイフォルム)",492,4391,100,103,75,120,75,127,600,くさ,ひこう,てんのめぐみ,,
アルセウス,493,4397,120,120,120,120,120,120,720,ノーマル,,マルチタイプ,,
ビクティニ,494,4409,100,100,100,100,100,100,600,エスパー,ほのお,しょうりのほし,,
ツタージャ,495,4421,45,45,55,45,55,63,308,くさ,,しんりょく,,あまのじゃく
ジャノビー,496,4423,60,60,75,60,75,83,413,くさ,,しんりょく,,あまのじゃく
ジャローダ,497,4441,75,75,95,75,95,113,528,くさ,,しんりょく,,あまのじゃく
ポカブ,498,4447,65,63,45,45,45,45,308,ほのお,,もうか,,あついしぼう
チャオブー,499,4451,90,93,55,70,55,55,418,ほのお,かくとう,もうか,,あついしぼう
エンブオー,500,4457,110,123,65,100,65,65,528,ほのお,かくとう,もうか,,すてみ
ミジュマル,501,4463,55,55,45,63,45,45,308,みず,,げきりゅう,,シェルアーマー
フタチマル,502,4481,75,75,60,83,60,60,413,みず,,げきりゅう,,シェルアーマー
ダイケンキ,503,4483,95,100,85,108,70,70,528,みず,,げきりゅう,,シェルアーマー
"ダイケンキ
(ヒスイのすがた)",503,4493,90,108,80,100,65,85,528,みず,あく,げきりゅう,,きれあじ[9]
ミネズミ,504,4507,45,55,39,35,39,42,255,ノーマル,,にげあし,するどいめ,アナライズ
ミルホッグ,505,4513,60,85,69,60,69,77,420,ノーマル,,はっこう,するどいめ,アナライズ
ヨーテリー,506,4517,45,60,45,25,45,55,275,ノーマル,,やるき,ものひろい,にげあし
ハーデリア,507,4519,65,80,65,35,65,60,370,ノーマル,,いかく,すなかき,きもったま
ムーランド,508,4523,85,110,90,45,90,80,500,ノーマル,,いかく,すなかき,きもったま
チョロネコ,509,4547,41,50,37,50,37,66,281,あく,,じゅうなん,かるわざ,いたずらごころ
レパルダス,510,4549,64,88,50,88,50,106,446,あく,,じゅうなん,かるわざ,いたずらごころ
ヤナップ,511,4561,50,53,48,53,48,64,316,くさ,,くいしんぼう,,しんりょく
ヤナッキー,512,4567,75,98,63,98,63,101,498,くさ,,くいしんぼう,,しんりょく
バオップ,513,4583,50,53,48,53,48,64,316,ほのお,,くいしんぼう,,もうか
バオッキー,514,4591,75,98,63,98,63,101,498,ほのお,,くいしんぼう,,もうか
ヒヤップ,515,4597,50,53,48,53,48,64,316,みず,,くいしんぼう,,げきりゅう
ヒヤッキー,516,4603,75,98,63,98,63,101,498,みず,,くいしんぼう,,げきりゅう
ムンナ,517,4621,76,25,45,67,55,24,292,エスパー,,よちむ,シンクロ,テレパシー
ムシャーナ,518,4637,116,55,85,107,95,29,487,エスパー,,よちむ,シンクロ,テレパシー
マメパト,519,4639,50,55,50,36,30,43,264,ノーマル,ひこう,はとむね,きょううん,とうそうしん
ハトーボー,520,4643,62,77,62,50,42,65,358,ノーマル,ひこう,はとむね,きょううん,とうそうしん
ケンホロウ,521,4649,80,115,80,65,55,93,488,ノーマル,ひこう,はとむね,きょううん,とうそうしん
シママ,522,4651,45,60,32,50,32,76,295,でんき,,ひらいしん,でんきエンジン,そうしょく
ゼブライカ,523,4657,75,100,63,80,63,116,497,でんき,,ひらいしん,でんきエンジン,そうしょく
ダンゴロ,524,4663,55,75,85,25,25,15,280,いわ,,がんじょう,くだけるよろい*7,すなのちから
ガントル,525,4673,70,105,105,50,40,20,390,いわ,,がんじょう,くだけるよろい*7,すなのちから
ギガイアス,526,4679,85,135,130,60,80,25,515,いわ,,がんじょう,すなおこし*7,すなのちから
コロモリ,527,4691,65,45,43,55,43,72,323,エスパー,ひこう,てんねん,ぶきよう,たんじゅん
ココロモリ,528,4703,67,57,55,77,55,114,425,エスパー,ひこう,てんねん,ぶきよう,たんじゅん
モグリュー,529,4721,60,85,40,30,45,68,328,じめん,,すなかき,すなのちから,かたやぶり
ドリュウズ,530,4723,110,135,60,50,65,88,508,じめん,はがね,すなかき,すなのちから,かたやぶり
タブンネ,531,4729,103,60,86,60,86,50,445,ノーマル,,いやしのこころ,さいせいりょく,ぶきよう
メガタブンネ,531,4733,103,60,126,80,126,50,545,ノーマル,,いやしのこころ,,
ドッコラー,532,4751,75,80,55,25,35,35,305,かくとう,,こんじょう,ちからずく,てつのこぶし
ドテッコツ,533,4759,85,105,85,40,50,40,405,かくとう,,こんじょう,ちからずく,てつのこぶし
ローブシン,534,4783,105,140,95,55,65,45,505,かくとう,,こんじょう,ちからずく,てつのこぶし
オタマロ,535,4787,50,50,40,50,40,64,294,みず,,すいすい,うるおいボディ,ちょすい
ガマガル,536,4789,75,65,55,65,55,69,384,みず,じめん,すいすい,うるおいボディ,ちょすい
ガマゲロゲ,537,4793,105,95,75,85,75,74,509,みず,じめん,すいすい,どくしゅ,ちょすい
ナゲキ,538,4799,120,100,85,30,85,45,465,かくとう,,こんじょう,せいしんりょく,かたやぶり
ダゲキ,539,4801,75,125,75,30,75,85,465,かくとう,,がんじょう,せいしんりょく,かたやぶり
クルミル,540,4813,45,53,70,40,60,42,310,むし,くさ,むしのしらせ,ようりょくそ,ぼうじん
クルマユ,541,4817,55,63,90,50,80,42,380,むし,くさ,リーフガード,ようりょくそ,ぼうじん
ハハコモリ,542,4831,75,103,80,70,80,92,500,むし,くさ,むしのしらせ,ようりょくそ,ぼうじん
フシデ,543,4861,30,45,59,30,39,57,260,むし,どく,どくのトゲ,むしのしらせ,かそく[10]
ホイーガ,544,4871,40,55,99,40,79,47,360,むし,どく,どくのトゲ,むしのしらせ,かそく[10]
ペンドラー,545,4877,60,100,89,55,69,112,485,むし,どく,どくのトゲ,むしのしらせ,かそく[10]
モンメン,546,4889,40,27,60,37,50,66,280,くさ,フェアリー,いたずらごころ,すりぬけ,ようりょくそ
エルフーン,547,4903,60,67,85,77,75,116,480,くさ,フェアリー,いたずらごころ,すりぬけ,ようりょくそ
チュリネ,548,4909,45,35,50,70,50,30,280,くさ,,ようりょくそ,マイペース,リーフガード
ドレディア,549,4919,70,60,75,110,75,90,480,くさ,,ようりょくそ,マイペース,リーフガード
"ドレディア
(ヒスイのすがた)",549,4931,70,105,75,50,75,105,480,くさ,かくとう,ようりょくそ,はりきり,リーフガード
"バスラオ
(あかすじ)",550,4933,70,92,65,80,55,98,460,みず,,すてみ,てきおうりょく,かたやぶり
"バスラオ
(あおすじ)",550,4937,70,92,65,80,55,98,460,みず,,いしあたま[11],てきおうりょく,かたやぶり
"バスラオ
(しろすじ)",550,4943,70,92,65,80,55,98,460,みず,,びびり,てきおうりょく,
メグロコ,551,4951,50,72,35,35,35,65,292,じめん,あく,いかく,じしんかじょう,いかりのつぼ
ワルビル,552,4957,60,82,45,45,45,74,351,じめん,あく,いかく,じしんかじょう,いかりのつぼ
ワルビアル,553,4967,95,117,80,65,70,92,519,じめん,あく,いかく,じしんかじょう,いかりのつぼ
ダルマッカ,554,4969,70,90,45,15,45,50,315,ほのお,,はりきり,,せいしんりょく
"ダルマッカ
(ガラルのすがた)",554,4973,70,90,45,15,45,50,315,こおり,,はりきり,,せいしんりょく
ヒヒダルマ,555,4987,105,140,55,30,55,95,480,ほのお,,ちからずく,,ダルマモード
"ヒヒダルマ
(ダルマモード)",555,4993,105,30,105,140,105,55,540,ほのお,エスパー,ちからずく,,ダルマモード
"ヒヒダルマ
(ガラルのすがた)",555,4999,105,140,55,30,55,95,480,こおり,,ごりむちゅう,,ダルマモード
"ヒヒダルマ
(ダルマモード(ガラルのすがた))",555,5003,105,160,55,30,55,135,540,こおり,ほのお,ごりむちゅう,,ダルマモード
マラカッチ,556,5009,75,86,67,106,67,60,461,くさ,,ちょすい,ようりょくそ,よびみず
イシズマイ,557,5011,50,65,85,35,35,55,325,むし,いわ,がんじょう,シェルアーマー,くだけるよろい
イワパレス,558,5021,70,105,125,65,75,45,485,むし,いわ,がんじょう,シェルアーマー,くだけるよろい
ズルッグ,559,5023,50,75,70,35,70,48,348,あく,かくとう,だっぴ,じしんかじょう,いかく
ズルズキン,560,5039,65,90,115,45,115,58,488,あく,かくとう,だっぴ,じしんかじょう,いかく
シンボラー,561,5051,72,58,80,103,80,97,490,エスパー,ひこう,ミラクルスキン,マジックガード,いろめがね
デスマス,562,5059,38,30,85,55,65,30,303,ゴースト,,ミイラ,,
"デスマス
(ガラルのすがた)",562,5077,38,55,85,30,65,30,303,じめん,ゴースト,さまようたましい,,
デスカーン,563,5081,58,50,145,95,105,30,483,ゴースト,,ミイラ,,
プロトーガ,564,5087,54,78,103,53,45,22,355,みず,いわ,ハードロック,がんじょう,すいすい
アバゴーラ,565,5099,74,108,133,83,65,32,495,みず,いわ,ハードロック,がんじょう,すいすい
アーケン,566,5101,55,112,45,74,45,70,401,いわ,ひこう,よわき,,
アーケオス,567,5107,75,140,65,112,65,110,567,いわ,ひこう,よわき,,
ヤブクロン,568,5113,50,50,62,40,62,65,329,どく,,あくしゅう,ねんちゃく,ゆうばく
ダストダス,569,5119,80,95,82,60,82,75,474,どく,,あくしゅう,くだけるよろい,ゆうばく
ゾロア,570,5147,40,65,40,80,40,65,330,あく,,イリュージョン,,
"ゾロア
(ヒスイのすがた)",570,5153,35,60,40,85,40,70,330,ノーマル,ゴースト,イリュージョン,,
ゾロアーク,571,5167,60,105,60,120,60,105,510,あく,,イリュージョン,,
"ゾロアーク
(ヒスイのすがた)",571,5171,55,100,60,125,60,110,510,ノーマル,ゴースト,イリュージョン,,
チラーミィ,572,5179,55,50,40,40,40,75,300,ノーマル,,メロメロボディ,テクニシャン,スキルリンク
チラチーノ,573,5189,75,95,60,65,60,115,470,ノーマル,,メロメロボディ,テクニシャン,スキルリンク
ゴチム,574,5197,45,30,50,55,65,45,290,エスパー,,おみとおし,かちき*6,かげふみ
ゴチミル,575,5209,60,45,70,75,85,55,390,エスパー,,おみとおし,かちき*6,かげふみ
ゴチルゼル,576,5227,70,55,95,95,110,65,490,エスパー,,おみとおし,かちき*6,かげふみ
ユニラン,577,5231,45,30,40,105,50,20,290,エスパー,,ぼうじん,マジックガード,さいせいりょく
ダブラン,578,5233,65,40,50,125,60,30,370,エスパー,,ぼうじん,マジックガード,さいせいりょく
ランクルス,579,5237,110,65,75,125,85,30,490,エスパー,,ぼうじん,マジックガード,さいせいりょく
コアルヒー,580,5261,62,44,50,44,50,55,305,みず,ひこう,するどいめ,はとむね,うるおいボディ
スワンナ,581,5273,75,87,63,87,63,98,473,みず,ひこう,するどいめ,はとむね,うるおいボディ
バニプッチ,582,5279,36,50,50,65,60,44,305,こおり,,アイスボディ,ゆきがくれ*7,くだけるよろい
バニリッチ,583,5281,51,65,65,80,75,59,395,こおり,,アイスボディ,ゆきがくれ*7,くだけるよろい
バイバニラ,584,5297,71,95,85,110,95,79,535,こおり,,アイスボディ,ゆきふらし*7,くだけるよろい
シキジカ,585,5303,60,60,50,40,50,75,335,ノーマル,くさ,ようりょくそ,そうしょく,てんのめぐみ
メブキジカ,586,5309,80,100,70,60,70,95,475,ノーマル,くさ,ようりょくそ,そうしょく,てんのめぐみ
エモンガ,587,5323,55,75,60,75,60,103,428,でんき,ひこう,せいでんき,,でんきエンジン
カブルモ,588,5333,50,75,45,40,45,60,315,むし,,むしのしらせ,だっぴ,ノーガード
シュバルゴ,589,5347,70,135,105,60,105,20,495,むし,はがね,むしのしらせ,シェルアーマー,ぼうじん
タマゲタケ,590,5351,69,55,45,55,55,15,294,くさ,どく,ほうし,,さいせいりょく
モロバレル,591,5381,114,85,70,85,80,30,464,くさ,どく,ほうし,,さいせいりょく
プルリル,592,5387,55,40,50,65,85,40,335,みず,ゴースト,ちょすい,のろわれボディ,しめりけ
ブルンゲル,593,5393,100,60,70,85,105,60,480,みず,ゴースト,ちょすい,のろわれボディ,しめりけ
ママンボウ,594,5399,165,75,80,40,45,65,470,みず,,いやしのこころ,うるおいボディ,さいせいりょく
バチュル,595,5407,50,47,50,57,50,65,319,むし,でんき,ふくがん,きんちょうかん,むしのしらせ
デンチュラ,596,5413,70,77,60,97,60,108,472,むし,でんき,ふくがん,きんちょうかん,むしのしらせ
テッシード,597,5417,44,50,91,24,86,10,305,くさ,はがね,てつのトゲ,,
ナットレイ,598,5419,74,94,131,54,116,20,489,くさ,はがね,てつのトゲ,,きけんよち*6
ギアル,599,5431,40,55,70,45,60,30,300,はがね,,プラス,マイナス,クリアボディ
ギギアル,600,5437,60,80,95,70,85,50,440,はがね,,プラス,マイナス,クリアボディ
ギギギアル,601,5441,60,100,115,70,85,90,520,はがね,,プラス,マイナス,クリアボディ
シビシラス,602,5443,35,55,40,45,40,60,275,でんき,,ふゆう,,
シビビール,603,5449,65,85,70,75,70,40,405,でんき,,ふゆう,,
シビルドン,604,5471,85,115,80,105,80,50,515,でんき,,ふゆう,,
リグレー,605,5477,55,55,55,85,55,30,335,エスパー,,テレパシー,シンクロ,アナライズ
オーベム,606,5479,75,75,75,125,95,40,485,エスパー,,テレパシー,シンクロ,アナライズ
ヒトモシ,607,5483,50,30,55,65,55,20,275,ゴースト,ほのお,もらいび,ほのおのからだ,すりぬけ[12]
ランプラー,608,5501,60,40,60,95,60,55,370,ゴースト,ほのお,もらいび,ほのおのからだ,すりぬけ[12]
シャンデラ,609,5503,60,55,90,145,90,80,520,ゴースト,ほのお,もらいび,ほのおのからだ,すりぬけ[12]
キバゴ,610,5507,46,87,60,30,40,57,320,ドラゴン,,とうそうしん,かたやぶり,きんちょうかん
オノンド,611,5519,66,117,70,40,50,67,410,ドラゴン,,とうそうしん,かたやぶり,きんちょうかん
オノノクス,612,5521,76,147,90,60,70,97,540,ドラゴン,,とうそうしん,かたやぶり,きんちょうかん
クマシュン,613,5527,55,70,40,60,40,40,305,こおり,,ゆきがくれ,ゆきかき*7,びびり
ツンベアー,614,5531,95,130,80,70,80,50,505,こおり,,ゆきがくれ,ゆきかき*7,すいすい
フリージオ,615,5557,80,50,50,95,135,105,515,こおり,,ふゆう,,
チョボマキ,616,5563,50,40,85,40,65,25,305,むし,,うるおいボディ,シェルアーマー,ぼうじん
アギルダー,617,5569,80,70,40,100,60,145,495,むし,,うるおいボディ,ねんちゃく,かるわざ
マッギョ,618,5573,109,66,84,81,99,32,471,じめん,でんき,せいでんき,じゅうなん,すながくれ
"マッギョ
(ガラルのすがた)",618,5581,109,81,99,66,84,32,471,じめん,はがね,ぎたい,,
コジョフー,619,5591,45,85,50,55,50,65,350,かくとう,,せいしんりょく,さいせいりょく,すてみ
コジョンド,620,5623,65,125,60,95,60,105,510,かくとう,,せいしんりょく,さいせいりょく,すてみ
クリムガン,621,5639,77,120,90,60,90,48,485,ドラゴン,,さめはだ,ちからずく,かたやぶり
ゴビット,622,5641,59,74,50,35,50,35,303,じめん,ゴースト,てつのこぶし,ぶきよう,ノーガード
ゴルーグ,623,5647,89,124,80,55,80,55,483,じめん,ゴースト,てつのこぶし,ぶきよう,ノーガード
コマタナ,624,5651,45,85,70,40,40,60,340,あく,はがね,まけんき,せいしんりょく,プレッシャー
キリキザン,625,5653,65,125,100,60,70,70,490,あく,はがね,まけんき,せいしんりょく,プレッシャー
バッフロン,626,5657,95,110,95,40,95,55,490,ノーマル,,すてみ,そうしょく,ぼうおん
ワシボン,627,5659,70,83,50,37,50,60,350,ノーマル,ひこう,するどいめ,ちからずく,はりきり
ウォーグル,628,5669,100,123,75,57,75,80,510,ノーマル,ひこう,するどいめ,ちからずく,まけんき
"ウォーグル
(ヒスイのすがた)",628,5683,110,83,70,112,70,65,510,エスパー,ひこう,するどいめ,ちからずく,いろめがね[13]
バルチャイ,629,5689,70,55,75,45,65,60,370,あく,ひこう,はとむね,ぼうじん,くだけるよろい
バルジーナ,630,5693,110,65,105,55,95,80,510,あく,ひこう,はとむね,ぼうじん,くだけるよろい
クイタラン,631,5701,85,97,66,105,66,65,484,ほのお,,くいしんぼう,もらいび,しろいけむり
アイアント,632,5711,58,109,112,48,48,109,484,むし,はがね,むしのしらせ,はりきり,なまけ
モノズ,633,5717,52,65,50,45,50,38,300,あく,ドラゴン,はりきり,,
ジヘッド,634,5737,72,85,70,65,70,58,420,あく,ドラゴン,はりきり,,
サザンドラ,635,5741,92,105,90,125,90,98,600,あく,ドラゴン,ふゆう,,
メラルバ,636,5743,55,85,55,50,55,60,360,むし,ほのお,ほのおのからだ,,むしのしらせ
ウルガモス,637,5749,85,60,65,135,105,100,550,むし,ほのお,ほのおのからだ,,むしのしらせ
コバルオン,638,5779,91,90,129,90,72,108,580,はがね,かくとう,せいぎのこころ,,
テラキオン,639,5783,91,129,90,72,90,108,580,いわ,かくとう,せいぎのこころ,,
ビリジオン,640,5791,91,90,72,90,129,108,580,くさ,かくとう,せいぎのこころ,,
"トルネロス
(けしんフォルム)",641,5801,79,115,70,125,80,111,580,ひこう,,いたずらごころ,,まけんき
"トルネロス
(れいじゅうフォルム)",641,5807,79,100,80,110,90,121,580,ひこう,,さいせいりょく,,
"ボルトロス
(けしんフォルム)",642,5813,79,115,70,125,80,111,580,でんき,ひこう,いたずらごころ,,まけんき
"ボルトロス
(れいじゅうフォルム)",642,5821,79,105,70,145,80,101,580,でんき,ひこう,ちくでん,,
レシラム,643,5827,100,120,100,150,120,90,680,ドラゴン,ほのお,ターボブレイズ,,
ゼクロム,644,5839,100,150,120,120,100,90,680,ドラゴン,でんき,テラボルテージ,,
"ランドロス
(けしんフォルム)",645,5843,89,125,90,115,80,101,600,じめん,ひこう,すなのちから,,ちからずく
"ランドロス
(れいじゅうフォルム)",645,5849,89,145,90,105,80,91,600,じめん,ひこう,いかく,,
キュレム,646,5851,125,130,90,130,90,95,660,ドラゴン,こおり,プレッシャー,,
"キュレム
(ホワイトキュレム)",646,5857,125,120,90,170,100,95,700,ドラゴン,こおり,テラボルテージ,,
"キュレム
(ブラックキュレム)",646,5861,125,170,100,120,90,95,700,ドラゴン,こおり,ターボブレイズ,,
"ケルディオ
(いつものすがた)",647,5867,91,72,90,129,90,108,580,みず,かくとう,せいぎのこころ,,
"ケルディオ
(かくごのすがた)",647,5869,91,72,90,129,90,108,580,みず,かくとう,せいぎのこころ,,
"メロエッタ
(ボイスフォルム)",648,5879,100,77,77,128,128,90,600,ノーマル,エスパー,てんのめぐみ,,
"メロエッタ
(ステップフォルム)",648,5881,100,128,90,77,77,128,600,ノーマル,かくとう,てんのめぐみ,,
ゲノセクト,649,5897,71,120,95,120,95,99,600,むし,はがね,ダウンロード,,
ハリマロン,650,5903,56,61,65,48,45,38,313,くさ,,しんりょく,,ぼうだん
ハリボーグ,651,5923,61,78,95,56,58,57,405,くさ,,しんりょく,,ぼうだん
ブリガロン,652,5927,88,107,122,74,75,64,530,くさ,かくとう,しんりょく,,ぼうだん
フォッコ,653,5939,40,45,40,62,60,60,307,ほのお,,もうか,,マジシャン
テールナー,654,5953,59,59,58,90,70,73,409,ほのお,,もうか,,マジシャン
マフォクシー,655,5981,75,69,72,114,100,104,534,ほのお,エスパー,もうか,,マジシャン
ケロマツ,656,5987,41,56,40,62,44,71,314,みず,,げきりゅう,,へんげんじざい
ゲコガシラ,657,6007,54,63,52,83,56,97,405,みず,,げきりゅう,,へんげんじざい
ゲッコウガ,658,6011,72,95,67,103,71,122,530,みず,あく,げきりゅう,,へんげんじざい
ホルビー,659,6029,38,36,38,32,36,57,237,ノーマル,,ものひろい,ほおぶくろ,ちからもち
ホルード,660,6037,85,56,77,50,77,78,423,ノーマル,じめん,ものひろい,ほおぶくろ,ちからもち
ヤヤコマ,661,6043,45,50,43,40,38,62,278,ノーマル,ひこう,はとむね,,はやてのつばさ
ヒノヤコマ,662,6047,62,73,55,56,52,84,382,ほのお,ひこう,ほのおのからだ,,はやてのつばさ
ファイアロー,663,6053,78,81,71,74,69,126,499,ほのお,ひこう,ほのおのからだ,,はやてのつばさ
コフキムシ,664,6067,38,35,40,27,25,35,200,むし,,りんぷん,ふくがん,フレンドガード
コフーライ,665,6073,45,22,60,27,30,29,213,むし,,だっぴ,,フレンドガード
ビビヨン,666,6079,80,52,50,90,50,89,411,むし,ひこう,りんぷん,ふくがん,フレンドガード
シシコ,667,6089,62,50,58,73,54,72,369,ほのお,ノーマル,とうそうしん,きんちょうかん,じしんかじょう
カエンジシ,668,6091,86,68,72,109,66,106,507,ほのお,ノーマル,とうそうしん,きんちょうかん,じしんかじょう
フラベベ,669,6101,44,38,39,61,79,42,303,フェアリー,,フラワーベール,,きょうせい
フラエッテ,670,6113,54,45,47,75,98,52,371,フェアリー,,フラワーベール,,きょうせい
フラージェス,671,6121,78,65,68,112,154,75,552,フェアリー,,フラワーベール,,きょうせい
メェークル,672,6131,66,65,48,62,57,52,350,くさ,,そうしょく,,くさのけがわ
ゴーゴート,673,6133,123,100,62,97,81,68,531,くさ,,そうしょく,,くさのけがわ
ヤンチャム,674,6143,67,82,62,46,48,43,348,かくとう,,てつのこぶし,かたやぶり,きもったま
ゴロンダ,675,6151,95,124,78,69,71,58,495,かくとう,あく,てつのこぶし,かたやぶり,きもったま
トリミアン,676,6163,75,80,60,65,90,102,472,ノーマル,,ファーコート,,
ニャスパー,677,6173,62,48,54,63,60,68,355,エスパー,,するどいめ,すりぬけ,マイペース
"ニャオニクス
(オスの姿)",678,6197,74,48,76,83,81,104,466,エスパー,,するどいめ,すりぬけ,いたずらごころ
"ニャオニクス
(メスの姿)",678,6199,74,48,76,83,81,104,466,エスパー,,するどいめ,すりぬけ,かちき
ヒトツキ,679,6203,45,80,100,35,37,28,325,はがね,ゴースト,ノーガード,,
ニダンギル,680,6211,59,110,150,45,49,35,448,はがね,ゴースト,ノーガード,,
"ギルガルド
(シールドフォルム)",681,6217,60,50,140,50,140,60,500,はがね,ゴースト,バトルスイッチ,,
"ギルガルド
(ブレードフォルム)",681,6221,60,140,50,140,50,60,500,はがね,ゴースト,バトルスイッチ,,
シュシュプ,682,6229,78,52,60,63,65,23,341,フェアリー,,いやしのこころ,,アロマベール
フレフワン,683,6247,101,72,72,99,89,29,462,フェアリー,,いやしのこころ,,アロマベール
ペロッパフ,684,6257,62,48,66,59,57,49,341,フェアリー,,スイートベール,,かるわざ
ペロリーム,685,6263,82,80,86,85,75,72,480,フェアリー,,スイートベール,,かるわざ
マーイーカ,686,6269,53,54,53,37,46,45,288,あく,エスパー,あまのじゃく,きゅうばん,すりぬけ
カラマネロ,687,6271,86,92,88,68,75,73,482,あく,エスパー,あまのじゃく,きゅうばん,すりぬけ
カメテテ,688,6277,42,52,67,39,56,50,306,いわ,みず,スナイパー,かたいツメ,わるいてぐせ
ガメノデス,689,6287,72,105,115,54,86,68,500,いわ,みず,スナイパー,かたいツメ,わるいてぐせ
クズモー,690,6299,50,60,60,60,60,30,320,どく,みず,どくのトゲ,どくしゅ,てきおうりょく
ドラミドロ,691,6301,65,75,90,97,123,44,494,どく,ドラゴン,どくのトゲ,どくしゅ,てきおうりょく
ウデッポウ,692,6311,50,53,62,58,63,44,330,みず,,メガランチャー,,
ブロスター,693,6317,71,73,88,120,89,59,500,みず,,メガランチャー,,
エリキテル,694,6323,44,38,33,61,43,70,289,でんき,ノーマル,かんそうはだ,すながくれ,サンパワー
エレザード,695,6329,62,55,52,109,94,109,481,でんき,ノーマル,かんそうはだ,すながくれ,サンパワー
チゴラス,696,6337,58,89,77,45,45,48,362,いわ,ドラゴン,がんじょうあご,,がんじょう
ガチゴラス,697,6343,82,121,119,69,59,71,521,いわ,ドラゴン,がんじょうあご,,いしあたま
アマルス,698,6353,77,59,50,67,63,46,362,いわ,こおり,フリーズスキン,,ゆきふらし
アマルルガ,699,6359,123,77,72,99,92,58,521,いわ,こおり,フリーズスキン,,ゆきふらし
ニンフィア,700,6361,95,65,65,110,130,60,525,フェアリー,,メロメロボディ,,フェアリースキン
ルチャブル,701,6367,78,92,75,74,63,118,500,かくとう,ひこう,じゅうなん,かるわざ,かたやぶり
デデンネ,702,6373,67,58,57,81,67,101,431,でんき,フェアリー,ほおぶくろ,ものひろい,プラス
メレシー,703,6379,50,50,150,50,150,50,500,いわ,フェアリー,クリアボディ,,がんじょう
ヌメラ,704,6389,45,50,35,55,75,40,300,ドラゴン,,そうしょく,うるおいボディ,ぬめぬめ
ヌメイル,705,6397,68,75,53,83,113,60,452,ドラゴン,,そうしょく,うるおいボディ,ぬめぬめ
"ヌメイル
(ヒスイのすがた)",705,6421,58,75,83,83,113,40,452,はがね,ドラゴン,そうしょく,シェルアーマー[14],ぬめぬめ
ヌメルゴン,706,6427,90,100,70,110,150,80,600,ドラゴン,,そうしょく,うるおいボディ,ぬめぬめ
"ヌメルゴン
(ヒスイのすがた)",706,6449,80,100,100,110,150,60,600,はがね,ドラゴン,そうしょく,シェルアーマー[14],ぬめぬめ
クレッフィ,707,6451,57,80,91,80,87,75,470,はがね,フェアリー,いたずらごころ,,マジシャン
ボクレー,708,6469,43,70,48,50,60,38,309,ゴースト,くさ,しぜんかいふく,おみとおし,しゅうかく
オーロット,709,6473,85,110,76,65,82,56,474,ゴースト,くさ,しぜんかいふく,おみとおし,しゅうかく
"バケッチャ
(ふつうのサイズ)",710,6481,49,66,70,44,55,51,335,ゴースト,くさ,ものひろい,おみとおし,ふみん
"バケッチャ
(ちいさいサイズ)",710,6491,44,66,70,44,55,56,335,ゴースト,くさ,ものひろい,おみとおし,ふみん
"バケッチャ
(おおきいサイズ)",710,6521,54,66,70,44,55,46,335,ゴースト,くさ,ものひろい,おみとおし,ふみん
"バケッチャ
(とくだいサイズ)",710,6529,59,66,70,44,55,41,335,ゴースト,くさ,ものひろい,おみとおし,ふみん
"パンプジン
(ふつうのサイズ)",711,6547,65,90,122,58,75,84,494,ゴースト,くさ,ものひろい,おみとおし,ふみん
"パンプジン
(ちいさいサイズ)",711,6551,55,85,122,58,75,99,494,ゴースト,くさ,ものひろい,おみとおし,ふみん
"パンプジン
(おおきいサイズ)",711,6553,75,95,122,58,75,69,494,ゴースト,くさ,ものひろい,おみとおし,ふみん
"パンプジン
(とくだいサイズ)",711,6563,85,100,122,58,75,54,494,ゴースト,くさ,ものひろい,おみとおし,ふみん
カチコール,712,6569,55,69,85,32,35,28,304,こおり,,マイペース,アイスボディ,がんじょう
クレベース,713,6571,95,117,184,44,46,28,514,こおり,,マイペース,アイスボディ,がんじょう
"クレベース
(ヒスイのすがた)",713,6577,95,127,184,34,36,38,514,こおり,いわ,がんじょうあご,アイスボディ,がんじょう
オンバット,714,6581,40,30,35,45,40,55,245,ひこう,ドラゴン,おみとおし,すりぬけ,テレパシー
オンバーン,715,6599,85,70,80,97,80,123,535,ひこう,ドラゴン,おみとおし,すりぬけ,テレパシー
ゼルネアス,716,6607,126,131,95,131,98,99,680,フェアリー,,フェアリーオーラ,,
イベルタル,717,6619,126,131,95,131,98,99,680,あく,ひこう,ダークオーラ,,
"ジガルデ
(10%フォルム)",718,6637,54,100,71,61,85,115,486,ドラゴン,じめん,オーラブレイク,スワームチェンジ[15],
"ジガルデ
(50%フォルム)",718,6653,108,100,121,81,95,95,600,ドラゴン,じめん,オーラブレイク,スワームチェンジ[15],
"ジガルデ
(パーフェクトフォルム)",718,6659,216,100,121,91,95,85,708,ドラゴン,じめん,オーラブレイク,スワームチェンジ[15],
ディアンシー,719,6661,50,100,150,100,150,50,600,いわ,フェアリー,クリアボディ,,
メガディアンシー,719,6673,50,160,110,160,110,110,700,いわ,フェアリー,マジックミラー,,
"フーパ
(いましめられしフーパ)",720,6679,80,110,60,150,130,70,600,エスパー,ゴースト,マジシャン,,
"フーパ
(ときはなたれしフーパ)",720,6689,80,160,60,170,130,80,680,エスパー,あく,マジシャン,,
ボルケニオン,721,6691,80,110,120,130,90,70,600,ほのお,みず,ちょすい,,
モクロー,722,6701,68,55,55,50,50,42,320,くさ,ひこう,しんりょく,,えんかく
フクスロー,723,6703,78,75,75,70,70,52,420,くさ,ひこう,しんりょく,,えんかく
ジュナイパー,724,6709,78,107,75,100,100,70,530,くさ,ゴースト,しんりょく,,えんかく
"ジュナイパー
(ヒスイのすがた)",724,6719,88,112,80,95,95,60,530,くさ,かくとう,しんりょく,,きもったま[16]
ニャビー,725,6733,45,65,40,60,40,70,320,ほのお,,もうか,,いかく
ニャヒート,726,6737,65,85,50,80,50,90,420,ほのお,,もうか,,いかく
ガオガエン,727,6761,95,115,90,80,90,60,530,ほのお,あく,もうか,,いかく
アシマリ,728,6763,50,54,54,66,56,40,320,みず,,げきりゅう,,うるおいボイス
オシャマリ,729,6779,60,69,69,91,81,50,420,みず,,げきりゅう,,うるおいボイス
アシレーヌ,730,6781,80,74,74,126,116,60,530,みず,フェアリー,げきりゅう,,うるおいボイス
ツツケラ,731,6791,35,75,30,30,30,65,265,ノーマル,ひこう,するどいめ,スキルリンク,ものひろい
ケララッパ,732,6793,55,85,50,40,50,75,355,ノーマル,ひこう,するどいめ,スキルリンク,ものひろい
ドデカバシ,733,6803,80,120,75,75,75,60,485,ノーマル,ひこう,するどいめ,スキルリンク,ちからずく
ヤングース,734,6823,48,70,30,30,30,45,253,ノーマル,,はりこみ,がんじょうあご,てきおうりょく
デカグース,735,6827,88,110,60,55,60,45,418,ノーマル,,はりこみ,がんじょうあご,てきおうりょく
アゴジムシ,736,6829,47,62,45,55,45,46,300,むし,,むしのしらせ,,
デンヂムシ,737,6833,57,82,95,55,75,36,400,むし,でんき,バッテリー,,
クワガノン,738,6841,77,70,90,145,75,43,500,むし,でんき,ふゆう,,
マケンカニ,739,6857,47,82,57,42,47,63,338,かくとう,,かいりきバサミ,てつのこぶし,いかりのつぼ
ケケンカニ,740,6863,97,132,77,62,67,43,478,かくとう,こおり,かいりきバサミ,てつのこぶし,いかりのつぼ
"オドリドリ
(めらめらスタイル)",741,6869,75,70,70,98,70,93,476,ほのお,ひこう,おどりこ,,
"オドリドリ
(ぱちぱちスタイル)",741,6871,75,70,70,98,70,93,476,でんき,ひこう,おどりこ,,
"オドリドリ
(ふらふらスタイル)",741,6883,75,70,70,98,70,93,476,エスパー,ひこう,おどりこ,,
"オドリドリ
(まいまいスタイル)",741,6899,75,70,70,98,70,93,476,ゴースト,ひこう,おどりこ,,
アブリー,742,6907,40,45,40,55,40,84,304,むし,フェアリー,みつあつめ,りんぷん,スイートベール
アブリボン,743,6911,60,55,60,95,70,124,464,むし,フェアリー,みつあつめ,りんぷん,スイートベール
イワンコ,744,6917,45,65,40,30,40,60,280,いわ,,するどいめ,やるき,ふくつのこころ
"ルガルガン
(まひるのすがた)",745,6947,75,115,65,55,65,112,487,いわ,,するどいめ,すなかき,ふくつのこころ
"ルガルガン
(まよなかのすがた)",745,6949,85,115,75,55,75,82,487,いわ,,するどいめ,やるき,ノーガード
"ルガルガン
(たそがれのすがた)",745,6959,75,117,65,55,65,110,487,いわ,,かたいツメ,,
"ヨワシ
(たんどくのすがた)",746,6961,45,20,20,25,25,40,175,みず,,ぎょぐん,,
"ヨワシ
(むれたすがた)",746,6967,45,140,130,140,135,30,620,みず,,ぎょぐん,,
ヒドイデ,747,6971,50,53,62,43,52,45,305,どく,みず,ひとでなし,じゅうなん,さいせいりょく
ドヒドイデ,748,6977,50,63,152,53,142,35,495,どく,みず,ひとでなし,じゅうなん,さいせいりょく
ドロバンコ,749,6983,70,100,70,45,55,45,385,じめん,,マイペース,じきゅうりょく,せいしんりょく
バンバドロ,750,6991,100,125,100,55,85,35,500,じめん,,マイペース,じきゅうりょく,せいしんりょく
シズクモ,751,6997,38,40,52,40,72,27,269,みず,むし,すいほう,,ちょすい
オニシズクモ,752,7001,68,70,92,50,132,42,454,みず,むし,すいほう,,ちょすい
カリキリ,753,7013,40,55,35,50,35,35,250,くさ,,リーフガード,,あまのじゃく
ラランテス,754,7019,70,105,90,80,90,45,480,くさ,,リーフガード,,あまのじゃく
ネマシュ,755,7027,40,35,55,65,75,15,285,くさ,フェアリー,はっこう,ほうし,あめうけざら
マシェード,756,7039,60,45,80,90,100,30,405,くさ,フェアリー,はっこう,ほうし,あめうけざら
ヤトウモリ,757,7043,48,44,40,71,40,77,320,どく,ほのお,ふしょく,,どんかん
エンニュート,758,7057,68,64,60,111,60,117,480,どく,ほのお,ふしょく,,どんかん
ヌイコグマ,759,7069,70,75,50,45,50,50,340,ノーマル,かくとう,もふもふ,ぶきよう,メロメロボディ
キテルグマ,760,7079,120,125,80,55,60,60,500,ノーマル,かくとう,もふもふ,ぶきよう,きんちょうかん
アマカジ,761,7103,42,30,38,30,38,32,210,くさ,,リーフガード,どんかん,スイートベール
アママイコ,762,7109,52,40,48,40,48,62,290,くさ,,リーフガード,どんかん,スイートベール
アマージョ,763,7121,72,120,98,50,98,72,510,くさ,,リーフガード,じょおうのいげん,スイートベール
キュワワー,764,7127,51,52,90,82,110,100,485,フェアリー,,フラワーベール,ヒーリングシフト,しぜんかいふく
ヤレユータン,765,7129,90,60,80,90,110,60,490,ノーマル,エスパー,せいしんりょく,テレパシー,きょうせい
ナゲツケサル,766,7151,100,120,90,40,60,80,490,かくとう,,レシーバー,,まけんき
コソクムシ,767,7159,25,35,40,20,30,80,230,むし,みず,にげごし,,
グソクムシャ,768,7177,75,125,140,60,90,40,530,むし,みず,ききかいひ,,
スナバァ,769,7187,55,55,80,70,45,15,320,ゴースト,じめん,みずがため,,すながくれ
シロデスナ,770,7193,85,75,110,100,75,35,480,ゴースト,じめん,みずがため,,すながくれ
ナマコブシ,771,7207,55,60,130,30,130,5,410,みず,,とびだすなかみ,,てんねん
タイプ：ヌル,772,7211,95,95,95,95,95,59,534,ノーマル,,カブトアーマー,,
シルヴァディ,773,7213,95,95,95,95,95,95,570,ノーマル,,ARシステム,,
"メテノ
(りゅうせいのすがた)",774,7219,60,60,100,60,100,60,440,いわ,ひこう,リミットシールド,,
"メテノ
(コア)",774,7229,60,100,60,100,60,120,500,いわ,ひこう,リミットシールド,,
ネッコアラ,775,7237,65,115,65,75,95,65,480,ノーマル,,ぜったいねむり,,
バクガメス,776,7243,60,78,135,91,85,36,485,ほのお,ドラゴン,シェルアーマー,,
トゲデマル,777,7247,65,98,63,40,73,96,435,でんき,はがね,てつのトゲ,ひらいしん,がんじょう
ミミッキュ,778,7253,55,90,80,50,105,96,476,ゴースト,フェアリー,ばけのかわ,,
ハギギシリ,779,7283,68,105,70,70,70,92,475,みず,エスパー,ビビッドボディ,がんじょうあご,ミラクルスキン
ジジーロン,780,7297,78,60,85,135,91,36,485,ノーマル,ドラゴン,ぎゃくじょう,そうしょく,ノーてんき
ダダリン,781,7307,70,131,100,86,90,40,517,ゴースト,くさ,はがねつかい,,
ジャラコ,782,7309,45,55,65,45,45,45,300,ドラゴン,,ぼうだん,ぼうおん,ぼうじん
ジャランゴ,783,7321,55,75,90,65,70,65,420,ドラゴン,かくとう,ぼうだん,ぼうおん,ぼうじん
ジャラランガ,784,7331,75,110,125,100,105,85,600,ドラゴン,かくとう,ぼうだん,ぼうおん,ぼうじん
カプ・コケコ,785,7333,70,115,85,95,75,130,570,でんき,フェアリー,エレキメイカー,,テレパシー
カプ・テテフ,786,7349,70,85,75,130,115,95,570,エスパー,フェアリー,サイコメイカー,,テレパシー
カプ・ブルル,787,7351,70,130,115,85,95,75,570,くさ,フェアリー,グラスメイカー,,テレパシー
カプ・レヒレ,788,7369,70,75,115,95,130,85,570,みず,フェアリー,ミストメイカー,,テレパシー
コスモッグ,789,7393,43,29,31,29,31,37,200,エスパー,,てんねん,,
コスモウム,790,7411,43,29,131,29,131,37,400,エスパー,,がんじょう,,
ソルガレオ,791,7417,137,137,107,113,89,97,680,エスパー,はがね,メタルプロテクト,,
ルナアーラ,792,7433,137,113,89,137,107,97,680,エスパー,ゴースト,ファントムガード,,
ウツロイド,793,7451,109,53,47,127,131,103,570,いわ,どく,ビーストブースト,,
マッシブーン,794,7457,107,139,139,53,53,79,570,むし,かくとう,ビーストブースト,,
フェローチェ,795,7459,71,137,37,137,37,151,570,むし,かくとう,ビーストブースト,,
デンジュモク,796,7477,83,89,71,173,71,83,570,でんき,,ビーストブースト,,
テッカグヤ,797,7481,97,101,103,107,101,61,570,はがね,ひこう,ビーストブースト,,
カミツルギ,798,7487,59,181,131,59,31,109,570,くさ,はがね,ビーストブースト,,
アクジキング,799,7489,223,101,53,97,53,43,570,あく,ドラゴン,ビーストブースト,,
ネクロズマ,800,7499,97,107,101,127,89,79,600,エスパー,,プリズムアーマー,,
"ネクロズマ
(たそがれのたてがみ(日食))",800,7507,97,157,127,113,109,77,680,エスパー,はがね,プリズムアーマー,,
"ネクロズマ
(あかつきのつばさ(月食))",800,7517,97,113,109,157,127,77,680,エスパー,ゴースト,プリズムアーマー,,
"ネクロズマ
(ウルトラネクロズマ)",800,7523,97,167,97,167,97,129,754,エスパー,ドラゴン,ブレインフォース,,
マギアナ,801,7529,80,95,115,130,115,65,600,はがね,フェアリー,ソウルハート,,
マーシャドー,802,7537,90,125,80,90,90,125,600,かくとう,ゴースト,テクニシャン,,
ベベノム,803,7541,67,73,67,73,67,73,420,どく,,ビーストブースト,,
アーゴヨン,804,7547,73,73,73,127,73,121,540,どく,ドラゴン,ビーストブースト,,
ツンデツンデ,805,7549,61,131,211,53,101,13,570,いわ,はがね,ビーストブースト,,
ズガドーン,806,7559,53,127,53,151,79,107,570,ほのお,ゴースト,ビーストブースト,,
ゼラオラ,807,7561,88,112,75,102,80,143,600,でんき,,ちくでん,,
メルタン,808,7573,46,65,65,55,35,34,300,はがね,,じりょく,,
メルメタル,809,7577,135,143,143,80,65,34,600,はがね,,てつのこぶし,,
サルノリ,810,7583,50,65,50,40,40,65,310,くさ,,しんりょく,,グラスメイカー
バチンキー,811,7589,70,85,70,55,60,80,420,くさ,,しんりょく,,グラスメイカー
ゴリランダー,812,7591,100,125,90,60,70,85,530,くさ,,しんりょく,,グラスメイカー
ヒバニー,813,7603,50,71,40,40,40,69,310,ほのお,,もうか,,リベロ
ラビフット,814,7607,65,86,60,55,60,94,420,ほのお,,もうか,,リベロ
エースバーン,815,7621,80,116,75,65,75,119,530,ほのお,,もうか,,リベロ
メッソン,816,7639,50,40,40,70,40,70,310,みず,,げきりゅう,,スナイパー
ジメレオン,817,7643,65,60,55,95,55,90,420,みず,,げきりゅう,,スナイパー
インテレオン,818,7649,70,85,65,125,65,120,530,みず,,げきりゅう,,スナイパー
ホシガリス,819,7669,70,55,55,35,35,25,275,ノーマル,,ほおぶくろ,,くいしんぼう
ヨクバリス,820,7673,120,95,95,55,75,20,460,ノーマル,,ほおぶくろ,,くいしんぼう
ココガラ,821,7681,38,47,35,33,35,57,245,ひこう,,するどいめ,きんちょうかん,はとむね
アオガラス,822,7687,68,67,55,43,55,77,365,ひこう,,するどいめ,きんちょうかん,はとむね
アーマーガア,823,7691,98,87,105,53,85,67,495,ひこう,はがね,プレッシャー,きんちょうかん,ミラーアーマー
サッチムシ,824,7699,25,20,20,25,45,45,180,むし,,むしのしらせ,ふくがん,テレパシー
レドームシ,825,7703,50,35,80,50,90,30,335,むし,エスパー,むしのしらせ,ふくがん,テレパシー
イオルブ,826,7717,60,45,110,80,120,90,505,むし,エスパー,むしのしらせ,おみとおし,テレパシー
クスネ,827,7723,40,28,28,47,52,50,245,あく,,にげあし,きんちょうかん,はりこみ
フォクスライ,828,7727,70,58,58,87,92,90,455,あく,,にげあし,きんちょうかん,はりこみ
ヒメンカ,829,7741,40,40,60,40,60,10,250,くさ,,わたげ,さいせいりょく,ほうし
ワタシラガ,830,7753,60,50,90,80,120,60,460,くさ,,わたげ,さいせいりょく,ほうし
ウールー,831,7757,42,40,55,40,45,48,270,ノーマル,,もふもふ,にげあし,ぼうだん
バイウールー,832,7759,72,80,100,60,90,88,490,ノーマル,,もふもふ,はやあし,ぼうだん
カムカメ,833,7789,50,64,50,38,38,44,284,みず,,がんじょうあご,シェルアーマー,すいすい
カジリガメ,834,7793,90,115,90,48,68,74,485,みず,いわ,がんじょうあご,シェルアーマー,すいすい
ワンパチ,835,7817,59,45,50,40,50,26,270,でんき,,たまひろい,,びびり
パルスワン,836,7823,69,90,60,90,60,121,490,でんき,,がんじょうあご,,かちき
タンドン,837,7829,30,40,50,40,50,30,240,いわ,,じょうききかん,たいねつ,もらいび
トロッゴン,838,7841,80,60,90,60,70,50,410,いわ,ほのお,じょうききかん,ほのおのからだ,もらいび
セキタンザン,839,7853,110,80,120,80,90,30,510,いわ,ほのお,じょうききかん,ほのおのからだ,もらいび
カジッチュ,840,7867,40,40,80,40,40,20,260,くさ,ドラゴン,じゅくせい,くいしんぼう,ぼうだん
アップリュー,841,7873,70,110,80,95,60,70,485,くさ,ドラゴン,じゅくせい,くいしんぼう,はりきり
タルップル,842,7877,110,85,80,100,80,30,485,くさ,ドラゴン,じゅくせい,くいしんぼう,あついしぼう
スナヘビ,843,7879,52,57,75,35,50,46,315,じめん,,すなはき,だっぴ,すながくれ
サダイジャ,844,7883,72,107,125,65,70,71,510,じめん,,すなはき,だっぴ,すながくれ
ウッウ,845,7901,70,85,55,85,95,85,475,ひこう,みず,うのミサイル,,
サシカマス,846,7907,41,63,40,40,30,66,280,みず,,すいすい,,スクリューおびれ
カマスジョー,847,7919,61,123,60,60,50,136,490,みず,,すいすい,,スクリューおびれ
エレズン,848,7927,40,38,35,54,35,40,242,でんき,どく,びびり,せいでんき,ぶきよう
"ストリンダー
(ハイなすがた)",849,7933,75,98,70,114,70,75,502,でんき,どく,パンクロック,プラス,テクニシャン
"ストリンダー
(ローなすがた)",849,7937,75,98,70,114,70,75,502,でんき,どく,パンクロック,マイナス,テクニシャン
ヤクデ,850,7949,50,65,45,50,50,45,305,ほのお,むし,もらいび,しろいけむり,ほのおのからだ
マルヤクデ,851,7951,100,115,65,90,90,65,525,ほのお,むし,もらいび,しろいけむり,ほのおのからだ
タタッコ,852,7963,50,68,60,50,50,32,310,かくとう,,じゅうなん,,テクニシャン
オトスパス,853,7993,80,118,90,70,80,42,480,かくとう,,じゅうなん,,テクニシャン
ヤバチャ,854,8009,40,45,45,74,54,50,308,ゴースト,,くだけるよろい,,のろわれボディ
ポットデス,855,8011,60,65,65,134,114,70,508,ゴースト,,くだけるよろい,,のろわれボディ
ミブリム,856,8017,42,30,45,56,53,39,265,エスパー,,いやしのこころ,きけんよち,マジックミラー
テブリム,857,8039,57,40,65,86,73,49,370,エスパー,,いやしのこころ,きけんよち,マジックミラー
ブリムオン,858,8053,57,90,95,136,103,29,510,エスパー,フェアリー,いやしのこころ,きけんよち,マジックミラー
ベロバー,859,8059,45,45,30,55,40,50,265,あく,フェアリー,いたずらごころ,おみとおし,わるいてぐせ
ギモー,860,8069,65,60,45,75,55,70,370,あく,フェアリー,いたずらごころ,おみとおし,わるいてぐせ
オーロンゲ,861,8081,95,120,65,95,75,60,510,あく,フェアリー,いたずらごころ,おみとおし,わるいてぐせ
タチフサグマ,862,8087,93,90,101,60,81,95,520,あく,ノーマル,すてみ,こんじょう,まけんき
ニャイキング,863,8089,70,110,100,50,60,50,440,はがね,,カブトアーマー,かたいツメ,はがねのせいしん
サニゴーン,864,8093,60,95,50,145,130,30,510,ゴースト,,くだけるよろい,,ほろびのボディ
ネギガナイト,865,8101,62,135,95,68,82,65,507,かくとう,,ふくつのこころ,,きもったま
バリコオル,866,8111,80,85,75,110,100,70,520,こおり,エスパー,ちどりあし,バリアフリー,アイスボディ
デスバーン,867,8117,58,95,145,50,105,30,483,じめん,ゴースト,さまようたましい,,
マホミル,868,8123,45,40,40,50,61,34,270,フェアリー,,スイートベール,,アロマベール
マホイップ,869,8147,65,60,75,110,121,64,495,フェアリー,,スイートベール,,アロマベール
タイレーツ,870,8161,65,100,100,70,60,75,470,かくとう,,カブトアーマー,,まけんき
バチンウニ,871,8167,48,101,95,91,85,15,435,でんき,,ひらいしん,,エレキメイカー
ユキハミ,872,8171,30,25,35,45,30,20,185,こおり,むし,りんぷん,,こおりのりんぷん
モスノウ,873,8179,70,65,60,125,90,65,475,こおり,むし,りんぷん,,こおりのりんぷん
イシヘンジン,874,8191,100,125,135,20,20,70,470,いわ,,パワースポット,,
"コオリッポ
(アイスフェイス)",875,8209,75,80,110,65,90,50,470,こおり,,アイスフェイス,,
"コオリッポ
(ナイスフェイス)",875,8219,75,80,70,65,50,130,470,こおり,,アイスフェイス,,
"イエッサン
(オスのすがた)",876,8221,60,65,55,105,95,95,475,エスパー,ノーマル,せいしんりょく,シンクロ,サイコメイカー
"イエッサン
(メスのすがた)",876,8231,70,55,65,95,105,85,475,エスパー,ノーマル,マイペース,シンクロ,サイコメイカー
モルペコ,877,8233,58,95,58,70,58,97,436,でんき,あく,はらぺこスイッチ,,
ゾウドウ,878,8237,72,80,49,40,49,40,330,はがね,,ちからずく,,ヘヴィメタル
ダイオウドウ,879,8243,122,130,69,80,69,30,500,はがね,,ちからずく,,ヘヴィメタル
パッチラゴン,880,8263,90,100,90,80,70,75,505,でんき,ドラゴン,ちくでん,はりきり,すなかき
パッチルドン,881,8269,90,100,90,90,80,55,505,でんき,こおり,ちくでん,せいでんき,ゆきかき
ウオノラゴン,882,8273,90,90,100,70,80,75,505,みず,ドラゴン,ちょすい,がんじょうあご,すなかき
ウオチルドン,883,8287,90,90,100,80,90,55,505,みず,こおり,ちょすい,アイスボディ,ゆきかき
ジュラルドン,884,8291,70,95,115,120,50,85,535,はがね,ドラゴン,ライトメタル,ヘヴィメタル,すじがねいり
ドラメシヤ,885,8293,28,60,30,40,30,82,270,ドラゴン,ゴースト,クリアボディ,すりぬけ,のろわれボディ
ドロンチ,886,8297,68,80,50,60,50,102,410,ドラゴン,ゴースト,クリアボディ,すりぬけ,のろわれボディ
ドラパルト,887,8311,88,120,75,100,75,142,600,ドラゴン,ゴースト,クリアボディ,すりぬけ,のろわれボディ
"ザシアン
(れきせんのゆうしゃ)",888,8317,92,120,115,80,115,138,660,フェアリー,,ふとうのけん,,
"ザシアン
(けんのおう)",888,8329,92,150,115,80,115,148,700,フェアリー,はがね,ふとうのけん,,
"ザマゼンタ
(れきせんのゆうしゃ)",889,8353,92,120,115,80,115,138,660,かくとう,,ふくつのたて,,
"ザマゼンタ
(たてのおう)",889,8363,92,120,140,80,140,128,700,かくとう,はがね,ふくつのたて,,
ムゲンダイナ,890,8369,140,85,95,145,95,130,690,どく,ドラゴン,プレッシャー,,
ダクマ,891,8377,60,90,60,53,50,72,385,かくとう,,せいしんりょく,,ノーガード*9
"ウーラオス
(いちげきのかた)",892,8387,100,130,100,63,60,97,550,かくとう,あく,ふかしのこぶし,,
"ウーラオス
(れんげきのかた)",892,8389,100,130,100,63,60,97,550,かくとう,みず,ふかしのこぶし,,
ザルード,893,8419,105,120,105,70,95,105,600,あく,くさ,リーフガード,,
レジエレキ,894,8423,80,100,50,100,50,200,580,でんき,,トランジスタ,,
レジドラゴ,895,8429,200,100,50,100,50,80,580,ドラゴン,,りゅうのあぎと,,
ブリザポス,896,8431,100,145,130,65,110,30,580,こおり,,しろのいななき,,
レイスポス,897,8443,100,65,60,145,80,130,580,ゴースト,,くろのいななき,,
バドレックス,898,8447,100,80,80,80,80,80,500,エスパー,くさ,きんちょうかん,,
"バドレックス
(はくばじょうのすがた)",898,8461,100,165,150,85,130,50,680,エスパー,こおり,じんばいったい,,
"バドレックス
(こくばじょうのすがた)",898,8467,100,85,80,165,100,150,680,エスパー,ゴースト,じんばいったい,,
アヤシシ,899,8501,103,105,72,105,75,65,525,ノーマル,エスパー,いかく,おみとおし,そうしょく
バサギリ,900,8513,70,135,95,45,70,85,500,むし,いわ,むしのしらせ,ちからずく,きれあじ[17]
ガチグマ,901,8521,130,140,105,45,80,50,550,じめん,ノーマル,こんじょう,ぼうだん,きんちょうかん
"イダイトウ
(オスのすがた)",902,8527,120,112,65,80,75,78,530,みず,ゴースト,びびり[18],てきおうりょく,かたやぶり
"イダイトウ
(メスのすがた)",902,8537,120,92,65,100,75,78,530,みず,ゴースト,びびり[18],てきおうりょく,かたやぶり
オオニューラ,903,8539,80,130,60,40,80,120,510,かくとう,どく,プレッシャー,かるわざ*9,どくしゅ
ハリーマン,904,8543,85,115,95,65,65,85,510,あく,どく,どくのトゲ,すいすい,いかく
"ラブトロス
(けしんフォルム)",905,8563,74,115,70,135,80,106,580,フェアリー,ひこう,メロメロボディ[19],,あまのじゃく
"ラブトロス
(れいじゅうフォルム)",905,8573,74,115,110,135,100,46,580,フェアリー,ひこう,ぼうじん,,
ニャオハ,906,8581,40,61,54,45,45,65,310,くさ,,しんりょく,,へんげんじざい
ニャローテ,907,8597,61,80,63,60,63,83,410,くさ,,しんりょく,,へんげんじざい
マスカーニャ,908,8599,76,110,70,81,70,123,530,くさ,あく,しんりょく,,へんげんじざい
ホゲータ,909,8609,67,45,59,63,40,36,310,ほのお,,もうか,,てんねん
アチゲータ,910,8623,81,55,78,90,58,49,411,ほのお,,もうか,,てんねん
ラウドボーン,911,8627,104,75,100,110,75,66,530,ほのお,ゴースト,もうか,,てんねん
クワッス,912,8629,55,65,45,50,45,50,310,みず,,げきりゅう,,じしんかじょう
ウェルカモ,913,8641,70,85,65,65,60,65,410,みず,,げきりゅう,,じしんかじょう
ウェーニバル,914,8647,85,120,80,85,75,85,530,みず,かくとう,げきりゅう,,じしんかじょう
グルトン,915,8663,54,45,40,35,45,35,254,ノーマル,,アロマベール,くいしんぼう,あついしぼう
"パフュートン
(オスのすがた)",916,8669,110,100,75,59,80,65,489,ノーマル,,とれないにおい,くいしんぼう,あついしぼう
"パフュートン
(メスのすがた)",916,8677,115,90,70,59,90,65,489,ノーマル,,アロマベール,くいしんぼう,あついしぼう
タマンチュラ,917,8681,35,41,45,29,40,20,210,むし,,ふみん,,はりこみ
ワナイダー,918,8689,60,79,92,52,86,35,404,むし,,ふみん,,はりこみ
マメバッタ,919,8693,33,46,40,21,25,45,210,むし,,むしのしらせ,,いろめがね
エクスレッグ,920,8699,71,102,78,52,55,92,450,むし,あく,むしのしらせ,,いろめがね
パモ,921,8707,45,50,20,40,25,60,240,でんき,,せいでんき,しぜんかいふく,てつのこぶし
パモット,922,8713,60,75,40,50,40,85,350,でんき,かくとう,ちくでん,しぜんかいふく,てつのこぶし
パーモット,923,8719,70,115,70,70,60,105,490,でんき,かくとう,ちくでん,しぜんかいふく,てつのこぶし
ワッカネズミ,924,8731,50,50,45,40,45,75,305,ノーマル,,にげあし,ものひろい,マイペース
イッカネズミ,925,8737,74,75,70,65,75,111,470,ノーマル,,フレンドガード,ほおぶくろ,テクニシャン
パピモッチ,926,8741,37,55,70,30,55,65,312,フェアリー,,マイペース,,ぶきよう
バウッツェル,927,8747,57,80,115,50,80,95,477,フェアリー,,こんがりボディ,,アロマベール
ミニーブ,928,8753,41,35,45,58,51,30,260,くさ,ノーマル,はやおき,,しゅうかく
オリーニョ,929,8761,52,53,60,78,78,33,354,くさ,ノーマル,はやおき,,しゅうかく
オリーヴァ,930,8779,78,69,90,125,109,39,510,くさ,ノーマル,こぼれダネ,,しゅうかく
"イキリンコ
(グリーンフェザー)",931,8783,82,96,51,45,51,92,417,ノーマル,ひこう,いかく,はりきり,こんじょう
"イキリンコ
(ブルーフェザー)",931,8803,82,96,51,45,51,92,417,ノーマル,ひこう,いかく,はりきり,こんじょう
"イキリンコ
(イエローフェザー)",931,8807,82,96,51,45,51,92,417,ノーマル,ひこう,いかく,はりきり,ちからずく
"イキリンコ
(ホワイトフェザー)",931,8819,82,96,51,45,51,92,417,ノーマル,ひこう,いかく,はりきり,ちからずく
コジオ,932,8821,55,55,75,35,35,25,280,いわ,,きよめのしお,がんじょう,クリアボディ
ジオヅム,933,8831,60,60,100,35,65,35,355,いわ,,きよめのしお,がんじょう,クリアボディ
キョジオーン,934,8837,100,100,130,45,90,35,500,いわ,,きよめのしお,がんじょう,クリアボディ
カルボウ,935,8839,40,50,40,50,40,35,255,ほのお,,もらいび,,ほのおのからだ
グレンアルマ,936,8849,85,60,100,125,80,75,525,ほのお,エスパー,もらいび,,くだけるよろい
ソウブレイズ,937,8861,75,125,80,60,100,85,525,ほのお,ゴースト,もらいび,,くだけるよろい
ズピカ,938,8863,61,31,41,59,35,45,272,でんき,,マイペース,せいでんき,しめりけ
ハラバリー,939,8867,109,64,91,103,83,45,495,でんき,,でんきにかえる,せいでんき,しめりけ
カイデン,940,8887,40,40,35,55,40,70,280,でんき,ひこう,ふうりょくでんき,ちくでん,かちき
タイカイデン,941,8893,70,70,60,105,60,125,490,でんき,ひこう,ふうりょくでんき,ちくでん,かちき
オラチフ,942,8923,60,78,60,40,51,51,340,あく,,いかく,にげあし,はりこみ
マフィティフ,943,8929,80,120,90,60,70,85,505,あく,,いかく,ばんけん,はりこみ
シルシュルー,944,8933,40,65,35,40,35,75,290,どく,ノーマル,かるわざ,わるいてぐせ,いたずらごころ
タギングル,945,8941,63,95,65,80,72,110,485,どく,ノーマル,かるわざ,どくしゅ,いたずらごころ
アノクサ,946,8951,40,65,30,45,35,60,275,くさ,ゴースト,かぜのり,,すりぬけ
アノホラグサ,947,8963,55,115,70,80,70,90,480,くさ,ゴースト,かぜのり,,すりぬけ
ノノクラゲ,948,8969,40,40,35,50,100,70,335,じめん,くさ,きんしのちから,,
リククラゲ,949,8971,80,70,65,80,120,100,515,じめん,くさ,きんしのちから,,
ガケガニ,950,8999,70,100,115,35,55,75,450,いわ,,いかりのこうら,シェルアーマー,さいせいりょく
カプサイジ,951,9001,50,62,40,62,40,50,304,くさ,,ようりょくそ,ふみん,ぶきよう
スコヴィラン,952,9007,65,108,65,108,65,75,486,くさ,ほのお,ようりょくそ,ふみん,ムラっけ
シガロコ,953,9011,41,50,60,31,58,30,270,むし,,ふくがん,,だっぴ
ベラカス,954,9013,75,50,85,115,100,45,470,むし,エスパー,シンクロ,,テレパシー
ヒラヒナ,955,9029,30,35,30,55,30,75,255,エスパー,,きけんよち,おみとおし,かそく
クエスパトラ,956,9041,95,60,60,101,60,105,481,エスパー,,びんじょう,おみとおし,かそく
カヌチャン,957,9043,50,45,45,35,64,58,297,フェアリー,はがね,かたやぶり,マイペース,わるいてぐせ
ナカヌチャン,958,9049,65,55,55,45,82,78,380,フェアリー,はがね,かたやぶり,マイペース,わるいてぐせ
デカヌチャン,959,9059,85,75,77,70,105,94,506,フェアリー,はがね,かたやぶり,マイペース,わるいてぐせ
ウミディグダ,960,9067,10,55,25,35,25,95,245,みず,,ぬめぬめ,びびり,すながくれ
ウミトリオ,961,9091,35,100,50,50,70,120,425,みず,,ぬめぬめ,びびり,すながくれ
オトシドリ,962,9103,70,103,85,60,85,82,485,ひこう,あく,はとむね,するどいめ,いわはこび
ナミイルカ,963,9109,70,45,40,45,40,75,315,みず,,みずのベール,,
"イルカマン
(ナイーブフォルム)",964,9127,100,70,72,53,62,100,457,みず,,マイティチェンジ,,
"イルカマン
(マイティフォルム)",964,9133,100,160,97,106,87,100,650,みず,,マイティチェンジ,,
ブロロン,965,9137,45,70,63,30,45,47,300,はがね,どく,ぼうじん,,スロースタート
ブロロローム,966,9151,80,119,90,54,67,90,500,はがね,どく,ぼうじん,,フィルター
モトトカゲ,967,9157,70,95,65,85,65,121,501,ドラゴン,ノーマル,だっぴ,,さいせいりょく
ミミズズ,968,9161,70,85,145,60,55,65,480,はがね,,どしょく,,すながくれ
キラーメ,969,9173,48,35,42,105,60,60,350,いわ,どく,どくげしょう,,ふしょく
キラフロル,970,9181,83,55,90,130,81,86,525,いわ,どく,どくげしょう,,ふしょく
ボチ,971,9187,50,61,60,30,55,34,290,ゴースト,,ものひろい,,もふもふ
ハカドッグ,972,9199,72,101,100,50,97,68,488,ゴースト,,すなかき,,もふもふ
カラミンゴ,973,9203,82,115,74,75,64,90,500,ひこう,かくとう,きもったま,ちどりあし,きょうえん
アルクジラ,974,9209,108,68,45,30,40,43,334,こおり,,あついしぼう,ゆきがくれ,ちからずく
ハルクジラ,975,9221,170,113,65,45,55,73,521,こおり,,あついしぼう,ゆきかき,ちからずく
ミガルーサ,976,9227,90,102,73,78,65,70,478,みず,エスパー,かたやぶり,,きれあじ
ヘイラッシャ,977,9239,150,100,115,65,65,35,530,みず,,てんねん,どんかん,みずのベール
"シャリタツ
(そったすがた)",978,9241,68,50,60,120,95,82,475,ドラゴン,みず,しれいとう,,よびみず
"シャリタツ
(たれたすがた)",978,9257,68,50,60,120,95,82,475,ドラゴン,みず,しれいとう,,よびみず
"シャリタツ
(のびたすがた)",978,9277,68,50,60,120,95,82,475,ドラゴン,みず,しれいとう,,よびみず
コノヨザル,979,9281,110,115,80,50,90,90,535,かくとう,ゴースト,やるき,せいしんりょく,まけんき
ドオー,980,9283,130,75,60,45,100,20,430,どく,じめん,どくのトゲ,ちょすい,てんねん
リキキリン,981,9293,120,90,70,110,70,60,520,ノーマル,エスパー,はんすう,テイルアーマー,そうしょく
"ノココッチ
(ふたふしフォルム)",982,9311,125,100,80,85,75,55,520,ノーマル,,てんのめぐみ,にげあし,びびり
ドドゲザン,983,9319,100,135,120,60,85,50,550,あく,はがね,まけんき,そうだいしょう,プレッシャー
イダイナキバ,984,9323,115,131,131,53,53,87,570,じめん,かくとう,こだいかっせい,,
サケブシッポ,985,9337,115,65,99,65,115,111,570,フェアリー,エスパー,こだいかっせい,,
アラブルタケ,986,9341,111,127,99,79,99,55,570,くさ,あく,こだいかっせい,,
ハバタクカミ,987,9343,55,55,55,135,135,135,570,ゴースト,フェアリー,こだいかっせい,,
チヲハウハネ,988,9349,85,135,79,85,105,81,570,むし,かくとう,こだいかっせい,,
スナノケガワ,989,9371,85,81,97,121,85,101,570,でんき,じめん,こだいかっせい,,
テツノワダチ,990,9377,90,112,120,72,70,106,570,じめん,はがね,クォークチャージ,,
テツノツツミ,991,9391,56,80,114,124,60,136,570,こおり,みず,クォークチャージ,,
テツノカイナ,992,9397,154,140,108,50,68,50,570,かくとう,でんき,クォークチャージ,,
テツノコウベ,993,9403,94,80,86,122,80,108,570,あく,ひこう,クォークチャージ,,
テツノドクガ,994,9413,80,70,60,140,110,110,570,ほのお,どく,クォークチャージ,,
テツノイバラ,995,9419,100,134,110,70,84,72,570,いわ,でんき,クォークチャージ,,
セビエ,996,9421,65,75,45,35,45,55,320,ドラゴン,こおり,ねつこうかん,,アイスボディ
セゴール,997,9431,90,95,66,45,65,62,423,ドラゴン,こおり,ねつこうかん,,アイスボディ
セグレイブ,998,9433,115,145,92,75,86,87,600,ドラゴン,こおり,ねつこうかん,,アイスボディ
コレクレー,999,9437,45,30,70,75,70,10,300,ゴースト,,びびり,,
サーフゴー,1000,9439,87,60,95,133,91,84,550,はがね,ゴースト,おうごんのからだ,,
チオンジェン,1001,9461,85,85,100,95,135,70,570,あく,くさ,わざわいのおふだ,,
パオジアン,1002,9463,80,120,80,90,65,135,570,あく,こおり,わざわいのつるぎ,,
ディンルー,1003,9467,155,110,125,55,80,45,570,あく,じめん,わざわいのうつわ,,
イーユイ,1004,9473,55,80,80,135,120,100,570,あく,ほのお,わざわいのたま,,
トドロクツキ,1005,9479,105,139,71,55,101,119,590,ドラゴン,あく,こだいかっせい,,
テツノブジン,1006,9491,74,130,90,120,60,116,590,フェアリー,かくとう,クォークチャージ,,
コライドン,1007,9497,100,135,115,85,100,135,670,かくとう,ドラゴン,ひひいろのこどう,,
ミライドン,1008,9511,100,85,100,135,115,135,670,でんき,ドラゴン,ハドロンエンジン,,
ウネルミナモ,1009,9521,99,83,91,125,83,109,590,みず,ドラゴン,こだいかっせい,,
テツノイサハ,1010,9533,90,130,88,70,108,104,590,くさ,エスパー,クォークチャージ,,